Workbook

Sheet Roll-up
B1: Property: | C1: Portfolio Roll-up
B2: Address: | E2: 12 | F2: 1 | G2: 11 | H2: 12 | I2: 1 | J2: 2 | K2: 3 | L2: 4 | M2: 5 | N2: 6 | O2: 7 | P2: 8 | Q2: 9 | R2: 10 | S2: 11 | T2: 12 | U2: 1 | V2: 2 | W2: 3 | X2: 4 | Y2: 5 | Z2: 6 | AA2: 7 | AB2: 8 | AC2: 9 | AD2: 10 | AE2: 11 | AF2: 12 | AG2: 1 | AH2: 2 | AI2: 3
E3: 1899 | F3: 2023 | G3: 2023 | H3: 2023 | I3: 2024 | J3: 2024 | K3: 2024 | L3: 2024 | M3: 2024 | N3: 2024 | O3: 2024 | P3: 2024 | Q3: 2024 | R3: 2024 | S3: 2024 | T3: 2024 | U3: 2025 | V3: 2025 | W3: 2025 | X3: 2025 | Y3: 2025 | Z3: 2025 | AA3: 2025 | AB3: 2025 | AC3: 2025 | AD3: 2025 | AE3: 2025 | AF3: 2025 | AG3: 2026 | AH3: 2026 | AI3: 2026
B6: Utility Items | C6: Utility Provider | D6: Account Number | E6: Dec-99 | F6: Jan-23 | G6: Nov-23 | H6: Dec-23 | I6: Jan-24 | J6: Feb-24 | K6: Mar-24 | L6: Apr-24 | M6: May-24 | N6: Jun-24 | O6: Jul-24 | P6: Aug-24 | Q6: Sep-24 | R6: Oct-24 | S6: Nov-24 | T6: Dec-24 | U6: Jan-25 | V6: Feb-25 | W6: Mar-25 | X6: Apr-25 | Y6: May-25 | Z6: Jun-25 | AA6: Jul-25 | AB6: Aug-25 | AC6: Sep-25 | AD6: Oct-25 | AE6: Nov-25 | AF6: Dec-25 | AG6: Jan-26 | AH6: Feb-26 | AI6: Mar-26 | AJ6: Total | AK6: Comments
B8: Utility Bills | E8: Dec-99 | F8: Jan-23 | G8: Nov-23 | H8: Dec-23 | I8: Jan-24 | J8: Feb-24 | K8: Mar-24 | L8: Apr-24 | M8: May-24 | N8: Jun-24 | O8: Jul-24 | P8: Aug-24 | Q8: Sep-24 | R8: Oct-24 | S8: Nov-24 | T8: Dec-24 | U8: Jan-25 | V8: Feb-25 | W8: Mar-25 | X8: Apr-25 | Y8: May-25 | Z8: Jun-25 | AA8: Jul-25 | AB8: Aug-25 | AC8: Sep-25 | AD8: Oct-25 | AE8: Nov-25 | AF8: Dec-25 | AG8: Jan-26 | AH8: Feb-26 | AI8: Mar-26 | AJ8: Total
B9: Gas | E9: ='Agave Village (ag011)'!E62+'Agave Village LLC'!E51+'Brookhaven Estates (bo260)'!E44+'Brookhaven RV Resort'!E40+'Courtly Manor'!E33+'Courtly Manor Park (co669)'!E34+'Cross Creek RV'!E129+'Cross Creek RV Resort (cr994)'!E135+'El Rio De Oro (el289)'!E31+'El Rio del Oro'!E34+'Endless Summer RV Resort'!E52+'Endless Summer RV Resort (en079'!E44+Evergreen!E31+'Far Horizons'!E31+'Far Horizons (fa105)'!E31+'Floridian Sandalwood (fl356)'!E28+'Floridian Sandalwood MHC'!E32+Glenhaven!E36+'Glenhaven Estates (gl317)'!E36+'Harbor Lights (ha310)'!E37+'Harbor Lights MHC'!E35+'Harvest Gate'!E45+'Hunter Run RV Estates'!E86+'Hunters Run RV Estates (hu116)'!E199+'Jade Isle (ja068)'!E28+'Jade Isle MHC'!E30+'Kakusha Estates (ka045)'!E34+'Kakusha MHC'!E33+'Lakeside Village'!E39+'Lakeside Village (la482)'!E41+'Lakewood Village (la481)'!E100+'Lakewood Village MHC LLC'!E120+'Maple Corner'!E53+'Maple Corner (ma490)'!E43+'Marlboro Court (ma489)'!E31+'Marlboro Court MHC LLC'!E31+'May Manor'!E135+'May Manor (ma488)'!E67+'Mobiland by the Sea (mo320)'!E36+'Mobiland By The Sea MHC'!E37+'Moss Landing'!E64+'Moss Landing (mo321)'!E56+'Oak Springs'!E68+'Oak Springs MHC (oa150)'!E44+'Orange Manor East'!E33+'Orange Manor East (or125)'!E36+'Pacific Manor'!E42+'Pacific Manor (pa602)'!E44+Parkhaven!E99+Ridgecrest!E49+Riverest!E43+'Riverview MHRV LLC'!E46+Rosehaven!E111+'Sanctuary RV Resort'!E223+'Shadow Mountain MHC'!E30+Springhaven!E30+'Star Valley Ranch'!E41+Sunhaven!E37+'Sunny Grove'!E36+Tarponaire!E40+'Val Vista RV Resort'!E69+'Webster RV Resort LLC'!E56+'Wekiva Falls RV Resort'!E80+'West Jupiter RV Resort'!E37+'Western Way RV Resort LLC'!E129 | F9: ='Agave Village (ag011)'!F62+'Agave Village LLC'!F51+'Brookhaven Estates (bo260)'!F44+'Brookhaven RV Resort'!F40+'Courtly Manor'!F33+'Courtly Manor Park (co669)'!F34+'Cross Creek RV'!F129+'Cross Creek RV Resort (cr994)'!F135+'El Rio De Oro (el289)'!F31+'El Rio del Oro'!F34+'Endless Summer RV Resort'!F52+'Endless Summer RV Resort (en079'!F44+Evergreen!F31+'Far Horizons'!F31+'Far Horizons (fa105)'!F31+'Floridian Sandalwood (fl356)'!F28+'Floridian Sandalwood MHC'!F32+Glenhaven!F36+'Glenhaven Estates (gl317)'!F36+'Harbor Lights (ha310)'!F37+'Harbor Lights MHC'!F35+'Harvest Gate'!F45+'Hunter Run RV Estates'!F86+'Hunters Run RV Estates (hu116)'!F199+'Jade Isle (ja068)'!F28+'Jade Isle MHC'!F30+'Kakusha Estates (ka045)'!F34+'Kakusha MHC'!F33+'Lakeside Village'!F39+'Lakeside Village (la482)'!F41+'Lakewood Village (la481)'!F100+'Lakewood Village MHC LLC'!F120+'Maple Corner'!F53+'Maple Corner (ma490)'!F43+'Marlboro Court (ma489)'!F31+'Marlboro Court MHC LLC'!F31+'May Manor'!F135+'May Manor (ma488)'!F67+'Mobiland by the Sea (mo320)'!F36+'Mobiland By The Sea MHC'!F37+'Moss Landing'!F64+'Moss Landing (mo321)'!F56+'Oak Springs'!F68+'Oak Springs MHC (oa150)'!F44+'Orange Manor East'!F33+'Orange Manor East (or125)'!F36+'Pacific Manor'!F42+'Pacific Manor (pa602)'!F44+Parkhaven!F99+Ridgecrest!F49+Riverest!F43+'Riverview MHRV LLC'!F46+Rosehaven!F111+'Sanctuary RV Resort'!F223+'Shadow Mountain MHC'!F30+Springhaven!F30+'Star Valley Ranch'!F41+Sunhaven!F37+'Sunny Grove'!F36+Tarponaire!F40+'Val Vista RV Resort'!F69+'Webster RV Resort LLC'!F56+'Wekiva Falls RV Resort'!F80+'West Jupiter RV Resort'!F37+'Western Way RV Resort LLC'!F129 | G9: ='Agave Village (ag011)'!G62+'Agave Village LLC'!G51+'Brookhaven Estates (bo260)'!G44+'Brookhaven RV Resort'!G40+'Courtly Manor'!G33+'Courtly Manor Park (co669)'!G34+'Cross Creek RV'!G129+'Cross Creek RV Resort (cr994)'!G135+'El Rio De Oro (el289)'!G31+'El Rio del Oro'!G34+'Endless Summer RV Resort'!G52+'Endless Summer RV Resort (en079'!G44+Evergreen!G31+'Far Horizons'!G31+'Far Horizons (fa105)'!G31+'Floridian Sandalwood (fl356)'!G28+'Floridian Sandalwood MHC'!G32+Glenhaven!G36+'Glenhaven Estates (gl317)'!G36+'Harbor Lights (ha310)'!G37+'Harbor Lights MHC'!G35+'Harvest Gate'!G45+'Hunter Run RV Estates'!G86+'Hunters Run RV Estates (hu116)'!G199+'Jade Isle (ja068)'!G28+'Jade Isle MHC'!G30+'Kakusha Estates (ka045)'!G34+'Kakusha MHC'!G33+'Lakeside Village'!G39+'Lakeside Village (la482)'!G41+'Lakewood Village (la481)'!G100+'Lakewood Village MHC LLC'!G120+'Maple Corner'!G53+'Maple Corner (ma490)'!G43+'Marlboro Court (ma489)'!G31+'Marlboro Court MHC LLC'!G31+'May Manor'!G135+'May Manor (ma488)'!G67+'Mobiland by the Sea (mo320)'!G36+'Mobiland By The Sea MHC'!G37+'Moss Landing'!G64+'Moss Landing (mo321)'!G56+'Oak Springs'!G68+'Oak Springs MHC (oa150)'!G44+'Orange Manor East'!G33+'Orange Manor East (or125)'!G36+'Pacific Manor'!G42+'Pacific Manor (pa602)'!G44+Parkhaven!G99+Ridgecrest!G49+Riverest!G43+'Riverview MHRV LLC'!G46+Rosehaven!G111+'Sanctuary RV Resort'!G223+'Shadow Mountain MHC'!G30+Springhaven!G30+'Star Valley Ranch'!G41+Sunhaven!G37+'Sunny Grove'!G36+Tarponaire!G40+'Val Vista RV Resort'!G69+'Webster RV Resort LLC'!G56+'Wekiva Falls RV Resort'!G80+'West Jupiter RV Resort'!G37+'Western Way RV Resort LLC'!G129 | H9: ='Agave Village (ag011)'!H62+'Agave Village LLC'!H51+'Brookhaven Estates (bo260)'!H44+'Brookhaven RV Resort'!H40+'Courtly Manor'!H33+'Courtly Manor Park (co669)'!H34+'Cross Creek RV'!H129+'Cross Creek RV Resort (cr994)'!H135+'El Rio De Oro (el289)'!H31+'El Rio del Oro'!H34+'Endless Summer RV Resort'!H52+'Endless Summer RV Resort (en079'!H44+Evergreen!H31+'Far Horizons'!H31+'Far Horizons (fa105)'!H31+'Floridian Sandalwood (fl356)'!H28+'Floridian Sandalwood MHC'!H32+Glenhaven!H36+'Glenhaven Estates (gl317)'!H36+'Harbor Lights (ha310)'!H37+'Harbor Lights MHC'!H35+'Harvest Gate'!H45+'Hunter Run RV Estates'!H86+'Hunters Run RV Estates (hu116)'!H199+'Jade Isle (ja068)'!H28+'Jade Isle MHC'!H30+'Kakusha Estates (ka045)'!H34+'Kakusha MHC'!H33+'Lakeside Village'!H39+'Lakeside Village (la482)'!H41+'Lakewood Village (la481)'!H100+'Lakewood Village MHC LLC'!H120+'Maple Corner'!H53+'Maple Corner (ma490)'!H43+'Marlboro Court (ma489)'!H31+'Marlboro Court MHC LLC'!H31+'May Manor'!H135+'May Manor (ma488)'!H67+'Mobiland by the Sea (mo320)'!H36+'Mobiland By The Sea MHC'!H37+'Moss Landing'!H64+'Moss Landing (mo321)'!H56+'Oak Springs'!H68+'Oak Springs MHC (oa150)'!H44+'Orange Manor East'!H33+'Orange Manor East (or125)'!H36+'Pacific Manor'!H42+'Pacific Manor (pa602)'!H44+Parkhaven!H99+Ridgecrest!H49+Riverest!H43+'Riverview MHRV LLC'!H46+Rosehaven!H111+'Sanctuary RV Resort'!H223+'Shadow Mountain MHC'!H30+Springhaven!H30+'Star Valley Ranch'!H41+Sunhaven!H37+'Sunny Grove'!H36+Tarponaire!H40+'Val Vista RV Resort'!H69+'Webster RV Resort LLC'!H56+'Wekiva Falls RV Resort'!H80+'West Jupiter RV Resort'!H37+'Western Way RV Resort LLC'!H129 | I9: ='Agave Village (ag011)'!I62+'Agave Village LLC'!I51+'Brookhaven Estates (bo260)'!I44+'Brookhaven RV Resort'!I40+'Courtly Manor'!I33+'Courtly Manor Park (co669)'!I34+'Cross Creek RV'!I129+'Cross Creek RV Resort (cr994)'!I135+'El Rio De Oro (el289)'!I31+'El Rio del Oro'!I34+'Endless Summer RV Resort'!I52+'Endless Summer RV Resort (en079'!I44+Evergreen!I31+'Far Horizons'!I31+'Far Horizons (fa105)'!I31+'Floridian Sandalwood (fl356)'!I28+'Floridian Sandalwood MHC'!I32+Glenhaven!I36+'Glenhaven Estates (gl317)'!I36+'Harbor Lights (ha310)'!I37+'Harbor Lights MHC'!I35+'Harvest Gate'!I45+'Hunter Run RV Estates'!I86+'Hunters Run RV Estates (hu116)'!I199+'Jade Isle (ja068)'!I28+'Jade Isle MHC'!I30+'Kakusha Estates (ka045)'!I34+'Kakusha MHC'!I33+'Lakeside Village'!I39+'Lakeside Village (la482)'!I41+'Lakewood Village (la481)'!I100+'Lakewood Village MHC LLC'!I120+'Maple Corner'!I53+'Maple Corner (ma490)'!I43+'Marlboro Court (ma489)'!I31+'Marlboro Court MHC LLC'!I31+'May Manor'!I135+'May Manor (ma488)'!I67+'Mobiland by the Sea (mo320)'!I36+'Mobiland By The Sea MHC'!I37+'Moss Landing'!I64+'Moss Landing (mo321)'!I56+'Oak Springs'!I68+'Oak Springs MHC (oa150)'!I44+'Orange Manor East'!I33+'Orange Manor East (or125)'!I36+'Pacific Manor'!I42+'Pacific Manor (pa602)'!I44+Parkhaven!I99+Ridgecrest!I49+Riverest!I43+'Riverview MHRV LLC'!I46+Rosehaven!I111+'Sanctuary RV Resort'!I223+'Shadow Mountain MHC'!I30+Springhaven!I30+'Star Valley Ranch'!I41+Sunhaven!I37+'Sunny Grove'!I36+Tarponaire!I40+'Val Vista RV Resort'!I69+'Webster RV Resort LLC'!I56+'Wekiva Falls RV Resort'!I80+'West Jupiter RV Resort'!I37+'Western Way RV Resort LLC'!I129 | J9: ='Agave Village (ag011)'!J62+'Agave Village LLC'!J51+'Brookhaven Estates (bo260)'!J44+'Brookhaven RV Resort'!J40+'Courtly Manor'!J33+'Courtly Manor Park (co669)'!J34+'Cross Creek RV'!J129+'Cross Creek RV Resort (cr994)'!J135+'El Rio De Oro (el289)'!J31+'El Rio del Oro'!J34+'Endless Summer RV Resort'!J52+'Endless Summer RV Resort (en079'!J44+Evergreen!J31+'Far Horizons'!J31+'Far Horizons (fa105)'!J31+'Floridian Sandalwood (fl356)'!J28+'Floridian Sandalwood MHC'!J32+Glenhaven!J36+'Glenhaven Estates (gl317)'!J36+'Harbor Lights (ha310)'!J37+'Harbor Lights MHC'!J35+'Harvest Gate'!J45+'Hunter Run RV Estates'!J86+'Hunters Run RV Estates (hu116)'!J199+'Jade Isle (ja068)'!J28+'Jade Isle MHC'!J30+'Kakusha Estates (ka045)'!J34+'Kakusha MHC'!J33+'Lakeside Village'!J39+'Lakeside Village (la482)'!J41+'Lakewood Village (la481)'!J100+'Lakewood Village MHC LLC'!J120+'Maple Corner'!J53+'Maple Corner (ma490)'!J43+'Marlboro Court (ma489)'!J31+'Marlboro Court MHC LLC'!J31+'May Manor'!J135+'May Manor (ma488)'!J67+'Mobiland by the Sea (mo320)'!J36+'Mobiland By The Sea MHC'!J37+'Moss Landing'!J64+'Moss Landing (mo321)'!J56+'Oak Springs'!J68+'Oak Springs MHC (oa150)'!J44+'Orange Manor East'!J33+'Orange Manor East (or125)'!J36+'Pacific Manor'!J42+'Pacific Manor (pa602)'!J44+Parkhaven!J99+Ridgecrest!J49+Riverest!J43+'Riverview MHRV LLC'!J46+Rosehaven!J111+'Sanctuary RV Resort'!J223+'Shadow Mountain MHC'!J30+Springhaven!J30+'Star Valley Ranch'!J41+Sunhaven!J37+'Sunny Grove'!J36+Tarponaire!J40+'Val Vista RV Resort'!J69+'Webster RV Resort LLC'!J56+'Wekiva Falls RV Resort'!J80+'West Jupiter RV Resort'!J37+'Western Way RV Resort LLC'!J129 | K9: ='Agave Village (ag011)'!K62+'Agave Village LLC'!K51+'Brookhaven Estates (bo260)'!K44+'Brookhaven RV Resort'!K40+'Courtly Manor'!K33+'Courtly Manor Park (co669)'!K34+'Cross Creek RV'!K129+'Cross Creek RV Resort (cr994)'!K135+'El Rio De Oro (el289)'!K31+'El Rio del Oro'!K34+'Endless Summer RV Resort'!K52+'Endless Summer RV Resort (en079'!K44+Evergreen!K31+'Far Horizons'!K31+'Far Horizons (fa105)'!K31+'Floridian Sandalwood (fl356)'!K28+'Floridian Sandalwood MHC'!K32+Glenhaven!K36+'Glenhaven Estates (gl317)'!K36+'Harbor Lights (ha310)'!K37+'Harbor Lights MHC'!K35+'Harvest Gate'!K45+'Hunter Run RV Estates'!K86+'Hunters Run RV Estates (hu116)'!K199+'Jade Isle (ja068)'!K28+'Jade Isle MHC'!K30+'Kakusha Estates (ka045)'!K34+'Kakusha MHC'!K33+'Lakeside Village'!K39+'Lakeside Village (la482)'!K41+'Lakewood Village (la481)'!K100+'Lakewood Village MHC LLC'!K120+'Maple Corner'!K53+'Maple Corner (ma490)'!K43+'Marlboro Court (ma489)'!K31+'Marlboro Court MHC LLC'!K31+'May Manor'!K135+'May Manor (ma488)'!K67+'Mobiland by the Sea (mo320)'!K36+'Mobiland By The Sea MHC'!K37+'Moss Landing'!K64+'Moss Landing (mo321)'!K56+'Oak Springs'!K68+'Oak Springs MHC (oa150)'!K44+'Orange Manor East'!K33+'Orange Manor East (or125)'!K36+'Pacific Manor'!K42+'Pacific Manor (pa602)'!K44+Parkhaven!K99+Ridgecrest!K49+Riverest!K43+'Riverview MHRV LLC'!K46+Rosehaven!K111+'Sanctuary RV Resort'!K223+'Shadow Mountain MHC'!K30+Springhaven!K30+'Star Valley Ranch'!K41+Sunhaven!K37+'Sunny Grove'!K36+Tarponaire!K40+'Val Vista RV Resort'!K69+'Webster RV Resort LLC'!K56+'Wekiva Falls RV Resort'!K80+'West Jupiter RV Resort'!K37+'Western Way RV Resort LLC'!K129 | L9: ='Agave Village (ag011)'!L62+'Agave Village LLC'!L51+'Brookhaven Estates (bo260)'!L44+'Brookhaven RV Resort'!L40+'Courtly Manor'!L33+'Courtly Manor Park (co669)'!L34+'Cross Creek RV'!L129+'Cross Creek RV Resort (cr994)'!L135+'El Rio De Oro (el289)'!L31+'El Rio del Oro'!L34+'Endless Summer RV Resort'!L52+'Endless Summer RV Resort (en079'!L44+Evergreen!L31+'Far Horizons'!L31+'Far Horizons (fa105)'!L31+'Floridian Sandalwood (fl356)'!L28+'Floridian Sandalwood MHC'!L32+Glenhaven!L36+'Glenhaven Estates (gl317)'!L36+'Harbor Lights (ha310)'!L37+'Harbor Lights MHC'!L35+'Harvest Gate'!L45+'Hunter Run RV Estates'!L86+'Hunters Run RV Estates (hu116)'!L199+'Jade Isle (ja068)'!L28+'Jade Isle MHC'!L30+'Kakusha Estates (ka045)'!L34+'Kakusha MHC'!L33+'Lakeside Village'!L39+'Lakeside Village (la482)'!L41+'Lakewood Village (la481)'!L100+'Lakewood Village MHC LLC'!L120+'Maple Corner'!L53+'Maple Corner (ma490)'!L43+'Marlboro Court (ma489)'!L31+'Marlboro Court MHC LLC'!L31+'May Manor'!L135+'May Manor (ma488)'!L67+'Mobiland by the Sea (mo320)'!L36+'Mobiland By The Sea MHC'!L37+'Moss Landing'!L64+'Moss Landing (mo321)'!L56+'Oak Springs'!L68+'Oak Springs MHC (oa150)'!L44+'Orange Manor East'!L33+'Orange Manor East (or125)'!L36+'Pacific Manor'!L42+'Pacific Manor (pa602)'!L44+Parkhaven!L99+Ridgecrest!L49+Riverest!L43+'Riverview MHRV LLC'!L46+Rosehaven!L111+'Sanctuary RV Resort'!L223+'Shadow Mountain MHC'!L30+Springhaven!L30+'Star Valley Ranch'!L41+Sunhaven!L37+'Sunny Grove'!L36+Tarponaire!L40+'Val Vista RV Resort'!L69+'Webster RV Resort LLC'!L56+'Wekiva Falls RV Resort'!L80+'West Jupiter RV Resort'!L37+'Western Way RV Resort LLC'!L129 | ... AJ9: ='Agave Village (ag011)'!AJ62+'Agave Village LLC'!AJ51+'Brookhaven Estates (bo260)'!AJ44+'Brookhaven RV Resort'!AJ40+'Courtly Manor'!AJ33+'Courtly Manor Park (co669)'!AJ34+'Cross Creek RV'!AJ129+'Cross Creek RV Resort (cr994)'!AJ135+'El Rio De Oro (el289)'!AJ31+'El Rio del Oro'!AJ34+'Endless Summer RV Resort'!AJ52+'Endless Summer RV Resort (en079'!AJ44+Evergreen!AJ31+'Far Horizons'!AJ31+'Far Horizons (fa105)'!AJ31+'Floridian Sandalwood (fl356)'!AJ28+'Floridian Sandalwood MHC'!AJ32+Glenhaven!AJ36+'Glenhaven Estates (gl317)'!AJ36+'Harbor Lights (ha310)'!AJ37+'Harbor Lights MHC'!AJ35+'Harvest Gate'!AJ45+'Hunter Run RV Estates'!AJ86+'Hunters Run RV Estates (hu116)'!AJ199+'Jade Isle (ja068)'!AJ28+'Jade Isle MHC'!AJ30+'Kakusha Estates (ka045)'!AJ34+'Kakusha MHC'!AJ33+'Lakeside Village'!AJ39+'Lakeside Village (la482)'!AJ41+'Lakewood Village (la481)'!AJ100+'Lakewood Village MHC LLC'!AJ120+'Maple Corner'!AJ53+'Maple Corner (ma490)'!AJ43+'Marlboro Court (ma489)'!AJ31+'Marlboro Court MHC LLC'!AJ31+'May Manor'!AJ135+'May Manor (ma488)'!AJ67+'Mobiland by the Sea (mo320)'!AJ36+'Mobiland By The Sea MHC'!AJ37+'Moss Landing'!AJ64+'Moss Landing (mo321)'!AJ56+'Oak Springs'!AJ68+'Oak Springs MHC (oa150)'!AJ44+'Orange Manor East'!AJ33+'Orange Manor East (or125)'!AJ36+'Pacific Manor'!AJ42+'Pacific Manor (pa602)'!AJ44+Parkhaven!AJ99+Ridgecrest!AJ49+Riverest!AJ43+'Riverview MHRV LLC'!AJ46+Rosehaven!AJ111+'Sanctuary RV Resort'!AJ223+'Shadow Mountain MHC'!AJ30+Springhaven!AJ30+'Star Valley Ranch'!AJ41+Sunhaven!AJ37+'Sunny Grove'!AJ36+Tarponaire!AJ40+'Val Vista RV Resort'!AJ69+'Webster RV Resort LLC'!AJ56+'Wekiva Falls RV Resort'!AJ80+'West Jupiter RV Resort'!AJ37+'Western Way RV Resort LLC'!AJ129
B10: Electricity | E10: ='Agave Village (ag011)'!E63+'Agave Village LLC'!E52+'Brookhaven Estates (bo260)'!E45+'Brookhaven RV Resort'!E41+'Courtly Manor'!E34+'Courtly Manor Park (co669)'!E35+'Cross Creek RV'!E130+'Cross Creek RV Resort (cr994)'!E136+'El Rio De Oro (el289)'!E32+'El Rio del Oro'!E35+'Endless Summer RV Resort'!E53+'Endless Summer RV Resort (en079'!E45+Evergreen!E32+'Far Horizons'!E32+'Far Horizons (fa105)'!E32+'Floridian Sandalwood (fl356)'!E29+'Floridian Sandalwood MHC'!E33+Glenhaven!E37+'Glenhaven Estates (gl317)'!E37+'Harbor Lights (ha310)'!E38+'Harbor Lights MHC'!E36+'Harvest Gate'!E46+'Hunter Run RV Estates'!E87+'Hunters Run RV Estates (hu116)'!E200+'Jade Isle (ja068)'!E29+'Jade Isle MHC'!E31+'Kakusha Estates (ka045)'!E35+'Kakusha MHC'!E34+'Lakeside Village'!E40+'Lakeside Village (la482)'!E42+'Lakewood Village (la481)'!E101+'Lakewood Village MHC LLC'!E121+'Maple Corner'!E54+'Maple Corner (ma490)'!E44+'Marlboro Court (ma489)'!E32+'Marlboro Court MHC LLC'!E32+'May Manor'!E136+'May Manor (ma488)'!E68+'Mobiland by the Sea (mo320)'!E37+'Mobiland By The Sea MHC'!E38+'Moss Landing'!E65+'Moss Landing (mo321)'!E57+'Oak Springs'!E69+'Oak Springs MHC (oa150)'!E45+'Orange Manor East'!E34+'Orange Manor East (or125)'!E37+'Pacific Manor'!E43+'Pacific Manor (pa602)'!E45+Parkhaven!E100+Ridgecrest!E50+Riverest!E44+'Riverview MHRV LLC'!E47+Rosehaven!E112+'Sanctuary RV Resort'!E224+'Shadow Mountain MHC'!E31+Springhaven!E31+'Star Valley Ranch'!E42+Sunhaven!E38+'Sunny Grove'!E37+Tarponaire!E41+'Val Vista RV Resort'!E70+'Webster RV Resort LLC'!E57+'Wekiva Falls RV Resort'!E81+'West Jupiter RV Resort'!E38+'Western Way RV Resort LLC'!E130 | F10: ='Agave Village (ag011)'!F63+'Agave Village LLC'!F52+'Brookhaven Estates (bo260)'!F45+'Brookhaven RV Resort'!F41+'Courtly Manor'!F34+'Courtly Manor Park (co669)'!F35+'Cross Creek RV'!F130+'Cross Creek RV Resort (cr994)'!F136+'El Rio De Oro (el289)'!F32+'El Rio del Oro'!F35+'Endless Summer RV Resort'!F53+'Endless Summer RV Resort (en079'!F45+Evergreen!F32+'Far Horizons'!F32+'Far Horizons (fa105)'!F32+'Floridian Sandalwood (fl356)'!F29+'Floridian Sandalwood MHC'!F33+Glenhaven!F37+'Glenhaven Estates (gl317)'!F37+'Harbor Lights (ha310)'!F38+'Harbor Lights MHC'!F36+'Harvest Gate'!F46+'Hunter Run RV Estates'!F87+'Hunters Run RV Estates (hu116)'!F200+'Jade Isle (ja068)'!F29+'Jade Isle MHC'!F31+'Kakusha Estates (ka045)'!F35+'Kakusha MHC'!F34+'Lakeside Village'!F40+'Lakeside Village (la482)'!F42+'Lakewood Village (la481)'!F101+'Lakewood Village MHC LLC'!F121+'Maple Corner'!F54+'Maple Corner (ma490)'!F44+'Marlboro Court (ma489)'!F32+'Marlboro Court MHC LLC'!F32+'May Manor'!F136+'May Manor (ma488)'!F68+'Mobiland by the Sea (mo320)'!F37+'Mobiland By The Sea MHC'!F38+'Moss Landing'!F65+'Moss Landing (mo321)'!F57+'Oak Springs'!F69+'Oak Springs MHC (oa150)'!F45+'Orange Manor East'!F34+'Orange Manor East (or125)'!F37+'Pacific Manor'!F43+'Pacific Manor (pa602)'!F45+Parkhaven!F100+Ridgecrest!F50+Riverest!F44+'Riverview MHRV LLC'!F47+Rosehaven!F112+'Sanctuary RV Resort'!F224+'Shadow Mountain MHC'!F31+Springhaven!F31+'Star Valley Ranch'!F42+Sunhaven!F38+'Sunny Grove'!F37+Tarponaire!F41+'Val Vista RV Resort'!F70+'Webster RV Resort LLC'!F57+'Wekiva Falls RV Resort'!F81+'West Jupiter RV Resort'!F38+'Western Way RV Resort LLC'!F130 | G10: ='Agave Village (ag011)'!G63+'Agave Village LLC'!G52+'Brookhaven Estates (bo260)'!G45+'Brookhaven RV Resort'!G41+'Courtly Manor'!G34+'Courtly Manor Park (co669)'!G35+'Cross Creek RV'!G130+'Cross Creek RV Resort (cr994)'!G136+'El Rio De Oro (el289)'!G32+'El Rio del Oro'!G35+'Endless Summer RV Resort'!G53+'Endless Summer RV Resort (en079'!G45+Evergreen!G32+'Far Horizons'!G32+'Far Horizons (fa105)'!G32+'Floridian Sandalwood (fl356)'!G29+'Floridian Sandalwood MHC'!G33+Glenhaven!G37+'Glenhaven Estates (gl317)'!G37+'Harbor Lights (ha310)'!G38+'Harbor Lights MHC'!G36+'Harvest Gate'!G46+'Hunter Run RV Estates'!G87+'Hunters Run RV Estates (hu116)'!G200+'Jade Isle (ja068)'!G29+'Jade Isle MHC'!G31+'Kakusha Estates (ka045)'!G35+'Kakusha MHC'!G34+'Lakeside Village'!G40+'Lakeside Village (la482)'!G42+'Lakewood Village (la481)'!G101+'Lakewood Village MHC LLC'!G121+'Maple Corner'!G54+'Maple Corner (ma490)'!G44+'Marlboro Court (ma489)'!G32+'Marlboro Court MHC LLC'!G32+'May Manor'!G136+'May Manor (ma488)'!G68+'Mobiland by the Sea (mo320)'!G37+'Mobiland By The Sea MHC'!G38+'Moss Landing'!G65+'Moss Landing (mo321)'!G57+'Oak Springs'!G69+'Oak Springs MHC (oa150)'!G45+'Orange Manor East'!G34+'Orange Manor East (or125)'!G37+'Pacific Manor'!G43+'Pacific Manor (pa602)'!G45+Parkhaven!G100+Ridgecrest!G50+Riverest!G44+'Riverview MHRV LLC'!G47+Rosehaven!G112+'Sanctuary RV Resort'!G224+'Shadow Mountain MHC'!G31+Springhaven!G31+'Star Valley Ranch'!G42+Sunhaven!G38+'Sunny Grove'!G37+Tarponaire!G41+'Val Vista RV Resort'!G70+'Webster RV Resort LLC'!G57+'Wekiva Falls RV Resort'!G81+'West Jupiter RV Resort'!G38+'Western Way RV Resort LLC'!G130 | H10: ='Agave Village (ag011)'!H63+'Agave Village LLC'!H52+'Brookhaven Estates (bo260)'!H45+'Brookhaven RV Resort'!H41+'Courtly Manor'!H34+'Courtly Manor Park (co669)'!H35+'Cross Creek RV'!H130+'Cross Creek RV Resort (cr994)'!H136+'El Rio De Oro (el289)'!H32+'El Rio del Oro'!H35+'Endless Summer RV Resort'!H53+'Endless Summer RV Resort (en079'!H45+Evergreen!H32+'Far Horizons'!H32+'Far Horizons (fa105)'!H32+'Floridian Sandalwood (fl356)'!H29+'Floridian Sandalwood MHC'!H33+Glenhaven!H37+'Glenhaven Estates (gl317)'!H37+'Harbor Lights (ha310)'!H38+'Harbor Lights MHC'!H36+'Harvest Gate'!H46+'Hunter Run RV Estates'!H87+'Hunters Run RV Estates (hu116)'!H200+'Jade Isle (ja068)'!H29+'Jade Isle MHC'!H31+'Kakusha Estates (ka045)'!H35+'Kakusha MHC'!H34+'Lakeside Village'!H40+'Lakeside Village (la482)'!H42+'Lakewood Village (la481)'!H101+'Lakewood Village MHC LLC'!H121+'Maple Corner'!H54+'Maple Corner (ma490)'!H44+'Marlboro Court (ma489)'!H32+'Marlboro Court MHC LLC'!H32+'May Manor'!H136+'May Manor (ma488)'!H68+'Mobiland by the Sea (mo320)'!H37+'Mobiland By The Sea MHC'!H38+'Moss Landing'!H65+'Moss Landing (mo321)'!H57+'Oak Springs'!H69+'Oak Springs MHC (oa150)'!H45+'Orange Manor East'!H34+'Orange Manor East (or125)'!H37+'Pacific Manor'!H43+'Pacific Manor (pa602)'!H45+Parkhaven!H100+Ridgecrest!H50+Riverest!H44+'Riverview MHRV LLC'!H47+Rosehaven!H112+'Sanctuary RV Resort'!H224+'Shadow Mountain MHC'!H31+Springhaven!H31+'Star Valley Ranch'!H42+Sunhaven!H38+'Sunny Grove'!H37+Tarponaire!H41+'Val Vista RV Resort'!H70+'Webster RV Resort LLC'!H57+'Wekiva Falls RV Resort'!H81+'West Jupiter RV Resort'!H38+'Western Way RV Resort LLC'!H130 | I10: ='Agave Village (ag011)'!I63+'Agave Village LLC'!I52+'Brookhaven Estates (bo260)'!I45+'Brookhaven RV Resort'!I41+'Courtly Manor'!I34+'Courtly Manor Park (co669)'!I35+'Cross Creek RV'!I130+'Cross Creek RV Resort (cr994)'!I136+'El Rio De Oro (el289)'!I32+'El Rio del Oro'!I35+'Endless Summer RV Resort'!I53+'Endless Summer RV Resort (en079'!I45+Evergreen!I32+'Far Horizons'!I32+'Far Horizons (fa105)'!I32+'Floridian Sandalwood (fl356)'!I29+'Floridian Sandalwood MHC'!I33+Glenhaven!I37+'Glenhaven Estates (gl317)'!I37+'Harbor Lights (ha310)'!I38+'Harbor Lights MHC'!I36+'Harvest Gate'!I46+'Hunter Run RV Estates'!I87+'Hunters Run RV Estates (hu116)'!I200+'Jade Isle (ja068)'!I29+'Jade Isle MHC'!I31+'Kakusha Estates (ka045)'!I35+'Kakusha MHC'!I34+'Lakeside Village'!I40+'Lakeside Village (la482)'!I42+'Lakewood Village (la481)'!I101+'Lakewood Village MHC LLC'!I121+'Maple Corner'!I54+'Maple Corner (ma490)'!I44+'Marlboro Court (ma489)'!I32+'Marlboro Court MHC LLC'!I32+'May Manor'!I136+'May Manor (ma488)'!I68+'Mobiland by the Sea (mo320)'!I37+'Mobiland By The Sea MHC'!I38+'Moss Landing'!I65+'Moss Landing (mo321)'!I57+'Oak Springs'!I69+'Oak Springs MHC (oa150)'!I45+'Orange Manor East'!I34+'Orange Manor East (or125)'!I37+'Pacific Manor'!I43+'Pacific Manor (pa602)'!I45+Parkhaven!I100+Ridgecrest!I50+Riverest!I44+'Riverview MHRV LLC'!I47+Rosehaven!I112+'Sanctuary RV Resort'!I224+'Shadow Mountain MHC'!I31+Springhaven!I31+'Star Valley Ranch'!I42+Sunhaven!I38+'Sunny Grove'!I37+Tarponaire!I41+'Val Vista RV Resort'!I70+'Webster RV Resort LLC'!I57+'Wekiva Falls RV Resort'!I81+'West Jupiter RV Resort'!I38+'Western Way RV Resort LLC'!I130 | J10: ='Agave Village (ag011)'!J63+'Agave Village LLC'!J52+'Brookhaven Estates (bo260)'!J45+'Brookhaven RV Resort'!J41+'Courtly Manor'!J34+'Courtly Manor Park (co669)'!J35+'Cross Creek RV'!J130+'Cross Creek RV Resort (cr994)'!J136+'El Rio De Oro (el289)'!J32+'El Rio del Oro'!J35+'Endless Summer RV Resort'!J53+'Endless Summer RV Resort (en079'!J45+Evergreen!J32+'Far Horizons'!J32+'Far Horizons (fa105)'!J32+'Floridian Sandalwood (fl356)'!J29+'Floridian Sandalwood MHC'!J33+Glenhaven!J37+'Glenhaven Estates (gl317)'!J37+'Harbor Lights (ha310)'!J38+'Harbor Lights MHC'!J36+'Harvest Gate'!J46+'Hunter Run RV Estates'!J87+'Hunters Run RV Estates (hu116)'!J200+'Jade Isle (ja068)'!J29+'Jade Isle MHC'!J31+'Kakusha Estates (ka045)'!J35+'Kakusha MHC'!J34+'Lakeside Village'!J40+'Lakeside Village (la482)'!J42+'Lakewood Village (la481)'!J101+'Lakewood Village MHC LLC'!J121+'Maple Corner'!J54+'Maple Corner (ma490)'!J44+'Marlboro Court (ma489)'!J32+'Marlboro Court MHC LLC'!J32+'May Manor'!J136+'May Manor (ma488)'!J68+'Mobiland by the Sea (mo320)'!J37+'Mobiland By The Sea MHC'!J38+'Moss Landing'!J65+'Moss Landing (mo321)'!J57+'Oak Springs'!J69+'Oak Springs MHC (oa150)'!J45+'Orange Manor East'!J34+'Orange Manor East (or125)'!J37+'Pacific Manor'!J43+'Pacific Manor (pa602)'!J45+Parkhaven!J100+Ridgecrest!J50+Riverest!J44+'Riverview MHRV LLC'!J47+Rosehaven!J112+'Sanctuary RV Resort'!J224+'Shadow Mountain MHC'!J31+Springhaven!J31+'Star Valley Ranch'!J42+Sunhaven!J38+'Sunny Grove'!J37+Tarponaire!J41+'Val Vista RV Resort'!J70+'Webster RV Resort LLC'!J57+'Wekiva Falls RV Resort'!J81+'West Jupiter RV Resort'!J38+'Western Way RV Resort LLC'!J130 | K10: ='Agave Village (ag011)'!K63+'Agave Village LLC'!K52+'Brookhaven Estates (bo260)'!K45+'Brookhaven RV Resort'!K41+'Courtly Manor'!K34+'Courtly Manor Park (co669)'!K35+'Cross Creek RV'!K130+'Cross Creek RV Resort (cr994)'!K136+'El Rio De Oro (el289)'!K32+'El Rio del Oro'!K35+'Endless Summer RV Resort'!K53+'Endless Summer RV Resort (en079'!K45+Evergreen!K32+'Far Horizons'!K32+'Far Horizons (fa105)'!K32+'Floridian Sandalwood (fl356)'!K29+'Floridian Sandalwood MHC'!K33+Glenhaven!K37+'Glenhaven Estates (gl317)'!K37+'Harbor Lights (ha310)'!K38+'Harbor Lights MHC'!K36+'Harvest Gate'!K46+'Hunter Run RV Estates'!K87+'Hunters Run RV Estates (hu116)'!K200+'Jade Isle (ja068)'!K29+'Jade Isle MHC'!K31+'Kakusha Estates (ka045)'!K35+'Kakusha MHC'!K34+'Lakeside Village'!K40+'Lakeside Village (la482)'!K42+'Lakewood Village (la481)'!K101+'Lakewood Village MHC LLC'!K121+'Maple Corner'!K54+'Maple Corner (ma490)'!K44+'Marlboro Court (ma489)'!K32+'Marlboro Court MHC LLC'!K32+'May Manor'!K136+'May Manor (ma488)'!K68+'Mobiland by the Sea (mo320)'!K37+'Mobiland By The Sea MHC'!K38+'Moss Landing'!K65+'Moss Landing (mo321)'!K57+'Oak Springs'!K69+'Oak Springs MHC (oa150)'!K45+'Orange Manor East'!K34+'Orange Manor East (or125)'!K37+'Pacific Manor'!K43+'Pacific Manor (pa602)'!K45+Parkhaven!K100+Ridgecrest!K50+Riverest!K44+'Riverview MHRV LLC'!K47+Rosehaven!K112+'Sanctuary RV Resort'!K224+'Shadow Mountain MHC'!K31+Springhaven!K31+'Star Valley Ranch'!K42+Sunhaven!K38+'Sunny Grove'!K37+Tarponaire!K41+'Val Vista RV Resort'!K70+'Webster RV Resort LLC'!K57+'Wekiva Falls RV Resort'!K81+'West Jupiter RV Resort'!K38+'Western Way RV Resort LLC'!K130 | L10: ='Agave Village (ag011)'!L63+'Agave Village LLC'!L52+'Brookhaven Estates (bo260)'!L45+'Brookhaven RV Resort'!L41+'Courtly Manor'!L34+'Courtly Manor Park (co669)'!L35+'Cross Creek RV'!L130+'Cross Creek RV Resort (cr994)'!L136+'El Rio De Oro (el289)'!L32+'El Rio del Oro'!L35+'Endless Summer RV Resort'!L53+'Endless Summer RV Resort (en079'!L45+Evergreen!L32+'Far Horizons'!L32+'Far Horizons (fa105)'!L32+'Floridian Sandalwood (fl356)'!L29+'Floridian Sandalwood MHC'!L33+Glenhaven!L37+'Glenhaven Estates (gl317)'!L37+'Harbor Lights (ha310)'!L38+'Harbor Lights MHC'!L36+'Harvest Gate'!L46+'Hunter Run RV Estates'!L87+'Hunters Run RV Estates (hu116)'!L200+'Jade Isle (ja068)'!L29+'Jade Isle MHC'!L31+'Kakusha Estates (ka045)'!L35+'Kakusha MHC'!L34+'Lakeside Village'!L40+'Lakeside Village (la482)'!L42+'Lakewood Village (la481)'!L101+'Lakewood Village MHC LLC'!L121+'Maple Corner'!L54+'Maple Corner (ma490)'!L44+'Marlboro Court (ma489)'!L32+'Marlboro Court MHC LLC'!L32+'May Manor'!L136+'May Manor (ma488)'!L68+'Mobiland by the Sea (mo320)'!L37+'Mobiland By The Sea MHC'!L38+'Moss Landing'!L65+'Moss Landing (mo321)'!L57+'Oak Springs'!L69+'Oak Springs MHC (oa150)'!L45+'Orange Manor East'!L34+'Orange Manor East (or125)'!L37+'Pacific Manor'!L43+'Pacific Manor (pa602)'!L45+Parkhaven!L100+Ridgecrest!L50+Riverest!L44+'Riverview MHRV LLC'!L47+Rosehaven!L112+'Sanctuary RV Resort'!L224+'Shadow Mountain MHC'!L31+Springhaven!L31+'Star Valley Ranch'!L42+Sunhaven!L38+'Sunny Grove'!L37+Tarponaire!L41+'Val Vista RV Resort'!L70+'Webster RV Resort LLC'!L57+'Wekiva Falls RV Resort'!L81+'West Jupiter RV Resort'!L38+'Western Way RV Resort LLC'!L130 | ... AJ10: ='Agave Village (ag011)'!AJ63+'Agave Village LLC'!AJ52+'Brookhaven Estates (bo260)'!AJ45+'Brookhaven RV Resort'!AJ41+'Courtly Manor'!AJ34+'Courtly Manor Park (co669)'!AJ35+'Cross Creek RV'!AJ130+'Cross Creek RV Resort (cr994)'!AJ136+'El Rio De Oro (el289)'!AJ32+'El Rio del Oro'!AJ35+'Endless Summer RV Resort'!AJ53+'Endless Summer RV Resort (en079'!AJ45+Evergreen!AJ32+'Far Horizons'!AJ32+'Far Horizons (fa105)'!AJ32+'Floridian Sandalwood (fl356)'!AJ29+'Floridian Sandalwood MHC'!AJ33+Glenhaven!AJ37+'Glenhaven Estates (gl317)'!AJ37+'Harbor Lights (ha310)'!AJ38+'Harbor Lights MHC'!AJ36+'Harvest Gate'!AJ46+'Hunter Run RV Estates'!AJ87+'Hunters Run RV Estates (hu116)'!AJ200+'Jade Isle (ja068)'!AJ29+'Jade Isle MHC'!AJ31+'Kakusha Estates (ka045)'!AJ35+'Kakusha MHC'!AJ34+'Lakeside Village'!AJ40+'Lakeside Village (la482)'!AJ42+'Lakewood Village (la481)'!AJ101+'Lakewood Village MHC LLC'!AJ121+'Maple Corner'!AJ54+'Maple Corner (ma490)'!AJ44+'Marlboro Court (ma489)'!AJ32+'Marlboro Court MHC LLC'!AJ32+'May Manor'!AJ136+'May Manor (ma488)'!AJ68+'Mobiland by the Sea (mo320)'!AJ37+'Mobiland By The Sea MHC'!AJ38+'Moss Landing'!AJ65+'Moss Landing (mo321)'!AJ57+'Oak Springs'!AJ69+'Oak Springs MHC (oa150)'!AJ45+'Orange Manor East'!AJ34+'Orange Manor East (or125)'!AJ37+'Pacific Manor'!AJ43+'Pacific Manor (pa602)'!AJ45+Parkhaven!AJ100+Ridgecrest!AJ50+Riverest!AJ44+'Riverview MHRV LLC'!AJ47+Rosehaven!AJ112+'Sanctuary RV Resort'!AJ224+'Shadow Mountain MHC'!AJ31+Springhaven!AJ31+'Star Valley Ranch'!AJ42+Sunhaven!AJ38+'Sunny Grove'!AJ37+Tarponaire!AJ41+'Val Vista RV Resort'!AJ70+'Webster RV Resort LLC'!AJ57+'Wekiva Falls RV Resort'!AJ81+'West Jupiter RV Resort'!AJ38+'Western Way RV Resort LLC'!AJ130
B11: Water | E11: ='Agave Village (ag011)'!E64+'Agave Village LLC'!E53+'Brookhaven Estates (bo260)'!E46+'Brookhaven RV Resort'!E42+'Courtly Manor'!E35+'Courtly Manor Park (co669)'!E36+'Cross Creek RV'!E131+'Cross Creek RV Resort (cr994)'!E137+'El Rio De Oro (el289)'!E33+'El Rio del Oro'!E36+'Endless Summer RV Resort'!E54+'Endless Summer RV Resort (en079'!E46+Evergreen!E33+'Far Horizons'!E33+'Far Horizons (fa105)'!E33+'Floridian Sandalwood (fl356)'!E30+'Floridian Sandalwood MHC'!E34+Glenhaven!E38+'Glenhaven Estates (gl317)'!E38+'Harbor Lights (ha310)'!E39+'Harbor Lights MHC'!E37+'Harvest Gate'!E47+'Hunter Run RV Estates'!E88+'Hunters Run RV Estates (hu116)'!E201+'Jade Isle (ja068)'!E30+'Jade Isle MHC'!E32+'Kakusha Estates (ka045)'!E36+'Kakusha MHC'!E35+'Lakeside Village'!E41+'Lakeside Village (la482)'!E43+'Lakewood Village (la481)'!E102+'Lakewood Village MHC LLC'!E122+'Maple Corner'!E55+'Maple Corner (ma490)'!E45+'Marlboro Court (ma489)'!E33+'Marlboro Court MHC LLC'!E33+'May Manor'!E137+'May Manor (ma488)'!E69+'Mobiland by the Sea (mo320)'!E38+'Mobiland By The Sea MHC'!E39+'Moss Landing'!E66+'Moss Landing (mo321)'!E58+'Oak Springs'!E70+'Oak Springs MHC (oa150)'!E46+'Orange Manor East'!E35+'Orange Manor East (or125)'!E38+'Pacific Manor'!E44+'Pacific Manor (pa602)'!E46+Parkhaven!E101+Ridgecrest!E51+Riverest!E45+'Riverview MHRV LLC'!E48+Rosehaven!E113+'Sanctuary RV Resort'!E225+'Shadow Mountain MHC'!E32+Springhaven!E32+'Star Valley Ranch'!E43+Sunhaven!E39+'Sunny Grove'!E38+Tarponaire!E42+'Val Vista RV Resort'!E71+'Webster RV Resort LLC'!E58+'Wekiva Falls RV Resort'!E82+'West Jupiter RV Resort'!E39+'Western Way RV Resort LLC'!E131 | F11: ='Agave Village (ag011)'!F64+'Agave Village LLC'!F53+'Brookhaven Estates (bo260)'!F46+'Brookhaven RV Resort'!F42+'Courtly Manor'!F35+'Courtly Manor Park (co669)'!F36+'Cross Creek RV'!F131+'Cross Creek RV Resort (cr994)'!F137+'El Rio De Oro (el289)'!F33+'El Rio del Oro'!F36+'Endless Summer RV Resort'!F54+'Endless Summer RV Resort (en079'!F46+Evergreen!F33+'Far Horizons'!F33+'Far Horizons (fa105)'!F33+'Floridian Sandalwood (fl356)'!F30+'Floridian Sandalwood MHC'!F34+Glenhaven!F38+'Glenhaven Estates (gl317)'!F38+'Harbor Lights (ha310)'!F39+'Harbor Lights MHC'!F37+'Harvest Gate'!F47+'Hunter Run RV Estates'!F88+'Hunters Run RV Estates (hu116)'!F201+'Jade Isle (ja068)'!F30+'Jade Isle MHC'!F32+'Kakusha Estates (ka045)'!F36+'Kakusha MHC'!F35+'Lakeside Village'!F41+'Lakeside Village (la482)'!F43+'Lakewood Village (la481)'!F102+'Lakewood Village MHC LLC'!F122+'Maple Corner'!F55+'Maple Corner (ma490)'!F45+'Marlboro Court (ma489)'!F33+'Marlboro Court MHC LLC'!F33+'May Manor'!F137+'May Manor (ma488)'!F69+'Mobiland by the Sea (mo320)'!F38+'Mobiland By The Sea MHC'!F39+'Moss Landing'!F66+'Moss Landing (mo321)'!F58+'Oak Springs'!F70+'Oak Springs MHC (oa150)'!F46+'Orange Manor East'!F35+'Orange Manor East (or125)'!F38+'Pacific Manor'!F44+'Pacific Manor (pa602)'!F46+Parkhaven!F101+Ridgecrest!F51+Riverest!F45+'Riverview MHRV LLC'!F48+Rosehaven!F113+'Sanctuary RV Resort'!F225+'Shadow Mountain MHC'!F32+Springhaven!F32+'Star Valley Ranch'!F43+Sunhaven!F39+'Sunny Grove'!F38+Tarponaire!F42+'Val Vista RV Resort'!F71+'Webster RV Resort LLC'!F58+'Wekiva Falls RV Resort'!F82+'West Jupiter RV Resort'!F39+'Western Way RV Resort LLC'!F131 | G11: ='Agave Village (ag011)'!G64+'Agave Village LLC'!G53+'Brookhaven Estates (bo260)'!G46+'Brookhaven RV Resort'!G42+'Courtly Manor'!G35+'Courtly Manor Park (co669)'!G36+'Cross Creek RV'!G131+'Cross Creek RV Resort (cr994)'!G137+'El Rio De Oro (el289)'!G33+'El Rio del Oro'!G36+'Endless Summer RV Resort'!G54+'Endless Summer RV Resort (en079'!G46+Evergreen!G33+'Far Horizons'!G33+'Far Horizons (fa105)'!G33+'Floridian Sandalwood (fl356)'!G30+'Floridian Sandalwood MHC'!G34+Glenhaven!G38+'Glenhaven Estates (gl317)'!G38+'Harbor Lights (ha310)'!G39+'Harbor Lights MHC'!G37+'Harvest Gate'!G47+'Hunter Run RV Estates'!G88+'Hunters Run RV Estates (hu116)'!G201+'Jade Isle (ja068)'!G30+'Jade Isle MHC'!G32+'Kakusha Estates (ka045)'!G36+'Kakusha MHC'!G35+'Lakeside Village'!G41+'Lakeside Village (la482)'!G43+'Lakewood Village (la481)'!G102+'Lakewood Village MHC LLC'!G122+'Maple Corner'!G55+'Maple Corner (ma490)'!G45+'Marlboro Court (ma489)'!G33+'Marlboro Court MHC LLC'!G33+'May Manor'!G137+'May Manor (ma488)'!G69+'Mobiland by the Sea (mo320)'!G38+'Mobiland By The Sea MHC'!G39+'Moss Landing'!G66+'Moss Landing (mo321)'!G58+'Oak Springs'!G70+'Oak Springs MHC (oa150)'!G46+'Orange Manor East'!G35+'Orange Manor East (or125)'!G38+'Pacific Manor'!G44+'Pacific Manor (pa602)'!G46+Parkhaven!G101+Ridgecrest!G51+Riverest!G45+'Riverview MHRV LLC'!G48+Rosehaven!G113+'Sanctuary RV Resort'!G225+'Shadow Mountain MHC'!G32+Springhaven!G32+'Star Valley Ranch'!G43+Sunhaven!G39+'Sunny Grove'!G38+Tarponaire!G42+'Val Vista RV Resort'!G71+'Webster RV Resort LLC'!G58+'Wekiva Falls RV Resort'!G82+'West Jupiter RV Resort'!G39+'Western Way RV Resort LLC'!G131 | H11: ='Agave Village (ag011)'!H64+'Agave Village LLC'!H53+'Brookhaven Estates (bo260)'!H46+'Brookhaven RV Resort'!H42+'Courtly Manor'!H35+'Courtly Manor Park (co669)'!H36+'Cross Creek RV'!H131+'Cross Creek RV Resort (cr994)'!H137+'El Rio De Oro (el289)'!H33+'El Rio del Oro'!H36+'Endless Summer RV Resort'!H54+'Endless Summer RV Resort (en079'!H46+Evergreen!H33+'Far Horizons'!H33+'Far Horizons (fa105)'!H33+'Floridian Sandalwood (fl356)'!H30+'Floridian Sandalwood MHC'!H34+Glenhaven!H38+'Glenhaven Estates (gl317)'!H38+'Harbor Lights (ha310)'!H39+'Harbor Lights MHC'!H37+'Harvest Gate'!H47+'Hunter Run RV Estates'!H88+'Hunters Run RV Estates (hu116)'!H201+'Jade Isle (ja068)'!H30+'Jade Isle MHC'!H32+'Kakusha Estates (ka045)'!H36+'Kakusha MHC'!H35+'Lakeside Village'!H41+'Lakeside Village (la482)'!H43+'Lakewood Village (la481)'!H102+'Lakewood Village MHC LLC'!H122+'Maple Corner'!H55+'Maple Corner (ma490)'!H45+'Marlboro Court (ma489)'!H33+'Marlboro Court MHC LLC'!H33+'May Manor'!H137+'May Manor (ma488)'!H69+'Mobiland by the Sea (mo320)'!H38+'Mobiland By The Sea MHC'!H39+'Moss Landing'!H66+'Moss Landing (mo321)'!H58+'Oak Springs'!H70+'Oak Springs MHC (oa150)'!H46+'Orange Manor East'!H35+'Orange Manor East (or125)'!H38+'Pacific Manor'!H44+'Pacific Manor (pa602)'!H46+Parkhaven!H101+Ridgecrest!H51+Riverest!H45+'Riverview MHRV LLC'!H48+Rosehaven!H113+'Sanctuary RV Resort'!H225+'Shadow Mountain MHC'!H32+Springhaven!H32+'Star Valley Ranch'!H43+Sunhaven!H39+'Sunny Grove'!H38+Tarponaire!H42+'Val Vista RV Resort'!H71+'Webster RV Resort LLC'!H58+'Wekiva Falls RV Resort'!H82+'West Jupiter RV Resort'!H39+'Western Way RV Resort LLC'!H131 | I11: ='Agave Village (ag011)'!I64+'Agave Village LLC'!I53+'Brookhaven Estates (bo260)'!I46+'Brookhaven RV Resort'!I42+'Courtly Manor'!I35+'Courtly Manor Park (co669)'!I36+'Cross Creek RV'!I131+'Cross Creek RV Resort (cr994)'!I137+'El Rio De Oro (el289)'!I33+'El Rio del Oro'!I36+'Endless Summer RV Resort'!I54+'Endless Summer RV Resort (en079'!I46+Evergreen!I33+'Far Horizons'!I33+'Far Horizons (fa105)'!I33+'Floridian Sandalwood (fl356)'!I30+'Floridian Sandalwood MHC'!I34+Glenhaven!I38+'Glenhaven Estates (gl317)'!I38+'Harbor Lights (ha310)'!I39+'Harbor Lights MHC'!I37+'Harvest Gate'!I47+'Hunter Run RV Estates'!I88+'Hunters Run RV Estates (hu116)'!I201+'Jade Isle (ja068)'!I30+'Jade Isle MHC'!I32+'Kakusha Estates (ka045)'!I36+'Kakusha MHC'!I35+'Lakeside Village'!I41+'Lakeside Village (la482)'!I43+'Lakewood Village (la481)'!I102+'Lakewood Village MHC LLC'!I122+'Maple Corner'!I55+'Maple Corner (ma490)'!I45+'Marlboro Court (ma489)'!I33+'Marlboro Court MHC LLC'!I33+'May Manor'!I137+'May Manor (ma488)'!I69+'Mobiland by the Sea (mo320)'!I38+'Mobiland By The Sea MHC'!I39+'Moss Landing'!I66+'Moss Landing (mo321)'!I58+'Oak Springs'!I70+'Oak Springs MHC (oa150)'!I46+'Orange Manor East'!I35+'Orange Manor East (or125)'!I38+'Pacific Manor'!I44+'Pacific Manor (pa602)'!I46+Parkhaven!I101+Ridgecrest!I51+Riverest!I45+'Riverview MHRV LLC'!I48+Rosehaven!I113+'Sanctuary RV Resort'!I225+'Shadow Mountain MHC'!I32+Springhaven!I32+'Star Valley Ranch'!I43+Sunhaven!I39+'Sunny Grove'!I38+Tarponaire!I42+'Val Vista RV Resort'!I71+'Webster RV Resort LLC'!I58+'Wekiva Falls RV Resort'!I82+'West Jupiter RV Resort'!I39+'Western Way RV Resort LLC'!I131 | J11: ='Agave Village (ag011)'!J64+'Agave Village LLC'!J53+'Brookhaven Estates (bo260)'!J46+'Brookhaven RV Resort'!J42+'Courtly Manor'!J35+'Courtly Manor Park (co669)'!J36+'Cross Creek RV'!J131+'Cross Creek RV Resort (cr994)'!J137+'El Rio De Oro (el289)'!J33+'El Rio del Oro'!J36+'Endless Summer RV Resort'!J54+'Endless Summer RV Resort (en079'!J46+Evergreen!J33+'Far Horizons'!J33+'Far Horizons (fa105)'!J33+'Floridian Sandalwood (fl356)'!J30+'Floridian Sandalwood MHC'!J34+Glenhaven!J38+'Glenhaven Estates (gl317)'!J38+'Harbor Lights (ha310)'!J39+'Harbor Lights MHC'!J37+'Harvest Gate'!J47+'Hunter Run RV Estates'!J88+'Hunters Run RV Estates (hu116)'!J201+'Jade Isle (ja068)'!J30+'Jade Isle MHC'!J32+'Kakusha Estates (ka045)'!J36+'Kakusha MHC'!J35+'Lakeside Village'!J41+'Lakeside Village (la482)'!J43+'Lakewood Village (la481)'!J102+'Lakewood Village MHC LLC'!J122+'Maple Corner'!J55+'Maple Corner (ma490)'!J45+'Marlboro Court (ma489)'!J33+'Marlboro Court MHC LLC'!J33+'May Manor'!J137+'May Manor (ma488)'!J69+'Mobiland by the Sea (mo320)'!J38+'Mobiland By The Sea MHC'!J39+'Moss Landing'!J66+'Moss Landing (mo321)'!J58+'Oak Springs'!J70+'Oak Springs MHC (oa150)'!J46+'Orange Manor East'!J35+'Orange Manor East (or125)'!J38+'Pacific Manor'!J44+'Pacific Manor (pa602)'!J46+Parkhaven!J101+Ridgecrest!J51+Riverest!J45+'Riverview MHRV LLC'!J48+Rosehaven!J113+'Sanctuary RV Resort'!J225+'Shadow Mountain MHC'!J32+Springhaven!J32+'Star Valley Ranch'!J43+Sunhaven!J39+'Sunny Grove'!J38+Tarponaire!J42+'Val Vista RV Resort'!J71+'Webster RV Resort LLC'!J58+'Wekiva Falls RV Resort'!J82+'West Jupiter RV Resort'!J39+'Western Way RV Resort LLC'!J131 | K11: ='Agave Village (ag011)'!K64+'Agave Village LLC'!K53+'Brookhaven Estates (bo260)'!K46+'Brookhaven RV Resort'!K42+'Courtly Manor'!K35+'Courtly Manor Park (co669)'!K36+'Cross Creek RV'!K131+'Cross Creek RV Resort (cr994)'!K137+'El Rio De Oro (el289)'!K33+'El Rio del Oro'!K36+'Endless Summer RV Resort'!K54+'Endless Summer RV Resort (en079'!K46+Evergreen!K33+'Far Horizons'!K33+'Far Horizons (fa105)'!K33+'Floridian Sandalwood (fl356)'!K30+'Floridian Sandalwood MHC'!K34+Glenhaven!K38+'Glenhaven Estates (gl317)'!K38+'Harbor Lights (ha310)'!K39+'Harbor Lights MHC'!K37+'Harvest Gate'!K47+'Hunter Run RV Estates'!K88+'Hunters Run RV Estates (hu116)'!K201+'Jade Isle (ja068)'!K30+'Jade Isle MHC'!K32+'Kakusha Estates (ka045)'!K36+'Kakusha MHC'!K35+'Lakeside Village'!K41+'Lakeside Village (la482)'!K43+'Lakewood Village (la481)'!K102+'Lakewood Village MHC LLC'!K122+'Maple Corner'!K55+'Maple Corner (ma490)'!K45+'Marlboro Court (ma489)'!K33+'Marlboro Court MHC LLC'!K33+'May Manor'!K137+'May Manor (ma488)'!K69+'Mobiland by the Sea (mo320)'!K38+'Mobiland By The Sea MHC'!K39+'Moss Landing'!K66+'Moss Landing (mo321)'!K58+'Oak Springs'!K70+'Oak Springs MHC (oa150)'!K46+'Orange Manor East'!K35+'Orange Manor East (or125)'!K38+'Pacific Manor'!K44+'Pacific Manor (pa602)'!K46+Parkhaven!K101+Ridgecrest!K51+Riverest!K45+'Riverview MHRV LLC'!K48+Rosehaven!K113+'Sanctuary RV Resort'!K225+'Shadow Mountain MHC'!K32+Springhaven!K32+'Star Valley Ranch'!K43+Sunhaven!K39+'Sunny Grove'!K38+Tarponaire!K42+'Val Vista RV Resort'!K71+'Webster RV Resort LLC'!K58+'Wekiva Falls RV Resort'!K82+'West Jupiter RV Resort'!K39+'Western Way RV Resort LLC'!K131 | L11: ='Agave Village (ag011)'!L64+'Agave Village LLC'!L53+'Brookhaven Estates (bo260)'!L46+'Brookhaven RV Resort'!L42+'Courtly Manor'!L35+'Courtly Manor Park (co669)'!L36+'Cross Creek RV'!L131+'Cross Creek RV Resort (cr994)'!L137+'El Rio De Oro (el289)'!L33+'El Rio del Oro'!L36+'Endless Summer RV Resort'!L54+'Endless Summer RV Resort (en079'!L46+Evergreen!L33+'Far Horizons'!L33+'Far Horizons (fa105)'!L33+'Floridian Sandalwood (fl356)'!L30+'Floridian Sandalwood MHC'!L34+Glenhaven!L38+'Glenhaven Estates (gl317)'!L38+'Harbor Lights (ha310)'!L39+'Harbor Lights MHC'!L37+'Harvest Gate'!L47+'Hunter Run RV Estates'!L88+'Hunters Run RV Estates (hu116)'!L201+'Jade Isle (ja068)'!L30+'Jade Isle MHC'!L32+'Kakusha Estates (ka045)'!L36+'Kakusha MHC'!L35+'Lakeside Village'!L41+'Lakeside Village (la482)'!L43+'Lakewood Village (la481)'!L102+'Lakewood Village MHC LLC'!L122+'Maple Corner'!L55+'Maple Corner (ma490)'!L45+'Marlboro Court (ma489)'!L33+'Marlboro Court MHC LLC'!L33+'May Manor'!L137+'May Manor (ma488)'!L69+'Mobiland by the Sea (mo320)'!L38+'Mobiland By The Sea MHC'!L39+'Moss Landing'!L66+'Moss Landing (mo321)'!L58+'Oak Springs'!L70+'Oak Springs MHC (oa150)'!L46+'Orange Manor East'!L35+'Orange Manor East (or125)'!L38+'Pacific Manor'!L44+'Pacific Manor (pa602)'!L46+Parkhaven!L101+Ridgecrest!L51+Riverest!L45+'Riverview MHRV LLC'!L48+Rosehaven!L113+'Sanctuary RV Resort'!L225+'Shadow Mountain MHC'!L32+Springhaven!L32+'Star Valley Ranch'!L43+Sunhaven!L39+'Sunny Grove'!L38+Tarponaire!L42+'Val Vista RV Resort'!L71+'Webster RV Resort LLC'!L58+'Wekiva Falls RV Resort'!L82+'West Jupiter RV Resort'!L39+'Western Way RV Resort LLC'!L131 | ... AJ11: ='Agave Village (ag011)'!AJ64+'Agave Village LLC'!AJ53+'Brookhaven Estates (bo260)'!AJ46+'Brookhaven RV Resort'!AJ42+'Courtly Manor'!AJ35+'Courtly Manor Park (co669)'!AJ36+'Cross Creek RV'!AJ131+'Cross Creek RV Resort (cr994)'!AJ137+'El Rio De Oro (el289)'!AJ33+'El Rio del Oro'!AJ36+'Endless Summer RV Resort'!AJ54+'Endless Summer RV Resort (en079'!AJ46+Evergreen!AJ33+'Far Horizons'!AJ33+'Far Horizons (fa105)'!AJ33+'Floridian Sandalwood (fl356)'!AJ30+'Floridian Sandalwood MHC'!AJ34+Glenhaven!AJ38+'Glenhaven Estates (gl317)'!AJ38+'Harbor Lights (ha310)'!AJ39+'Harbor Lights MHC'!AJ37+'Harvest Gate'!AJ47+'Hunter Run RV Estates'!AJ88+'Hunters Run RV Estates (hu116)'!AJ201+'Jade Isle (ja068)'!AJ30+'Jade Isle MHC'!AJ32+'Kakusha Estates (ka045)'!AJ36+'Kakusha MHC'!AJ35+'Lakeside Village'!AJ41+'Lakeside Village (la482)'!AJ43+'Lakewood Village (la481)'!AJ102+'Lakewood Village MHC LLC'!AJ122+'Maple Corner'!AJ55+'Maple Corner (ma490)'!AJ45+'Marlboro Court (ma489)'!AJ33+'Marlboro Court MHC LLC'!AJ33+'May Manor'!AJ137+'May Manor (ma488)'!AJ69+'Mobiland by the Sea (mo320)'!AJ38+'Mobiland By The Sea MHC'!AJ39+'Moss Landing'!AJ66+'Moss Landing (mo321)'!AJ58+'Oak Springs'!AJ70+'Oak Springs MHC (oa150)'!AJ46+'Orange Manor East'!AJ35+'Orange Manor East (or125)'!AJ38+'Pacific Manor'!AJ44+'Pacific Manor (pa602)'!AJ46+Parkhaven!AJ101+Ridgecrest!AJ51+Riverest!AJ45+'Riverview MHRV LLC'!AJ48+Rosehaven!AJ113+'Sanctuary RV Resort'!AJ225+'Shadow Mountain MHC'!AJ32+Springhaven!AJ32+'Star Valley Ranch'!AJ43+Sunhaven!AJ39+'Sunny Grove'!AJ38+Tarponaire!AJ42+'Val Vista RV Resort'!AJ71+'Webster RV Resort LLC'!AJ58+'Wekiva Falls RV Resort'!AJ82+'West Jupiter RV Resort'!AJ39+'Western Way RV Resort LLC'!AJ131
B12: Trash | E12: ='Agave Village (ag011)'!E65+'Agave Village LLC'!E54+'Brookhaven Estates (bo260)'!E47+'Brookhaven RV Resort'!E43+'Courtly Manor'!E36+'Courtly Manor Park (co669)'!E37+'Cross Creek RV'!E132+'Cross Creek RV Resort (cr994)'!E138+'El Rio De Oro (el289)'!E34+'El Rio del Oro'!E37+'Endless Summer RV Resort'!E55+'Endless Summer RV Resort (en079'!E47+Evergreen!E34+'Far Horizons'!E34+'Far Horizons (fa105)'!E34+'Floridian Sandalwood (fl356)'!E31+'Floridian Sandalwood MHC'!E35+Glenhaven!E39+'Glenhaven Estates (gl317)'!E39+'Harbor Lights (ha310)'!E40+'Harbor Lights MHC'!E38+'Harvest Gate'!E48+'Hunter Run RV Estates'!E89+'Hunters Run RV Estates (hu116)'!E202+'Jade Isle (ja068)'!E31+'Jade Isle MHC'!E33+'Kakusha Estates (ka045)'!E37+'Kakusha MHC'!E36+'Lakeside Village'!E42+'Lakeside Village (la482)'!E44+'Lakewood Village (la481)'!E103+'Lakewood Village MHC LLC'!E123+'Maple Corner'!E56+'Maple Corner (ma490)'!E46+'Marlboro Court (ma489)'!E34+'Marlboro Court MHC LLC'!E34+'May Manor'!E138+'May Manor (ma488)'!E70+'Mobiland by the Sea (mo320)'!E39+'Mobiland By The Sea MHC'!E40+'Moss Landing'!E67+'Moss Landing (mo321)'!E59+'Oak Springs'!E71+'Oak Springs MHC (oa150)'!E47+'Orange Manor East'!E36+'Orange Manor East (or125)'!E39+'Pacific Manor'!E45+'Pacific Manor (pa602)'!E47+Parkhaven!E102+Ridgecrest!E52+Riverest!E46+'Riverview MHRV LLC'!E49+Rosehaven!E114+'Sanctuary RV Resort'!E226+'Shadow Mountain MHC'!E33+Springhaven!E33+'Star Valley Ranch'!E44+Sunhaven!E40+'Sunny Grove'!E39+Tarponaire!E43+'Val Vista RV Resort'!E72+'Webster RV Resort LLC'!E59+'Wekiva Falls RV Resort'!E83+'West Jupiter RV Resort'!E40+'Western Way RV Resort LLC'!E132 | F12: ='Agave Village (ag011)'!F65+'Agave Village LLC'!F54+'Brookhaven Estates (bo260)'!F47+'Brookhaven RV Resort'!F43+'Courtly Manor'!F36+'Courtly Manor Park (co669)'!F37+'Cross Creek RV'!F132+'Cross Creek RV Resort (cr994)'!F138+'El Rio De Oro (el289)'!F34+'El Rio del Oro'!F37+'Endless Summer RV Resort'!F55+'Endless Summer RV Resort (en079'!F47+Evergreen!F34+'Far Horizons'!F34+'Far Horizons (fa105)'!F34+'Floridian Sandalwood (fl356)'!F31+'Floridian Sandalwood MHC'!F35+Glenhaven!F39+'Glenhaven Estates (gl317)'!F39+'Harbor Lights (ha310)'!F40+'Harbor Lights MHC'!F38+'Harvest Gate'!F48+'Hunter Run RV Estates'!F89+'Hunters Run RV Estates (hu116)'!F202+'Jade Isle (ja068)'!F31+'Jade Isle MHC'!F33+'Kakusha Estates (ka045)'!F37+'Kakusha MHC'!F36+'Lakeside Village'!F42+'Lakeside Village (la482)'!F44+'Lakewood Village (la481)'!F103+'Lakewood Village MHC LLC'!F123+'Maple Corner'!F56+'Maple Corner (ma490)'!F46+'Marlboro Court (ma489)'!F34+'Marlboro Court MHC LLC'!F34+'May Manor'!F138+'May Manor (ma488)'!F70+'Mobiland by the Sea (mo320)'!F39+'Mobiland By The Sea MHC'!F40+'Moss Landing'!F67+'Moss Landing (mo321)'!F59+'Oak Springs'!F71+'Oak Springs MHC (oa150)'!F47+'Orange Manor East'!F36+'Orange Manor East (or125)'!F39+'Pacific Manor'!F45+'Pacific Manor (pa602)'!F47+Parkhaven!F102+Ridgecrest!F52+Riverest!F46+'Riverview MHRV LLC'!F49+Rosehaven!F114+'Sanctuary RV Resort'!F226+'Shadow Mountain MHC'!F33+Springhaven!F33+'Star Valley Ranch'!F44+Sunhaven!F40+'Sunny Grove'!F39+Tarponaire!F43+'Val Vista RV Resort'!F72+'Webster RV Resort LLC'!F59+'Wekiva Falls RV Resort'!F83+'West Jupiter RV Resort'!F40+'Western Way RV Resort LLC'!F132 | G12: ='Agave Village (ag011)'!G65+'Agave Village LLC'!G54+'Brookhaven Estates (bo260)'!G47+'Brookhaven RV Resort'!G43+'Courtly Manor'!G36+'Courtly Manor Park (co669)'!G37+'Cross Creek RV'!G132+'Cross Creek RV Resort (cr994)'!G138+'El Rio De Oro (el289)'!G34+'El Rio del Oro'!G37+'Endless Summer RV Resort'!G55+'Endless Summer RV Resort (en079'!G47+Evergreen!G34+'Far Horizons'!G34+'Far Horizons (fa105)'!G34+'Floridian Sandalwood (fl356)'!G31+'Floridian Sandalwood MHC'!G35+Glenhaven!G39+'Glenhaven Estates (gl317)'!G39+'Harbor Lights (ha310)'!G40+'Harbor Lights MHC'!G38+'Harvest Gate'!G48+'Hunter Run RV Estates'!G89+'Hunters Run RV Estates (hu116)'!G202+'Jade Isle (ja068)'!G31+'Jade Isle MHC'!G33+'Kakusha Estates (ka045)'!G37+'Kakusha MHC'!G36+'Lakeside Village'!G42+'Lakeside Village (la482)'!G44+'Lakewood Village (la481)'!G103+'Lakewood Village MHC LLC'!G123+'Maple Corner'!G56+'Maple Corner (ma490)'!G46+'Marlboro Court (ma489)'!G34+'Marlboro Court MHC LLC'!G34+'May Manor'!G138+'May Manor (ma488)'!G70+'Mobiland by the Sea (mo320)'!G39+'Mobiland By The Sea MHC'!G40+'Moss Landing'!G67+'Moss Landing (mo321)'!G59+'Oak Springs'!G71+'Oak Springs MHC (oa150)'!G47+'Orange Manor East'!G36+'Orange Manor East (or125)'!G39+'Pacific Manor'!G45+'Pacific Manor (pa602)'!G47+Parkhaven!G102+Ridgecrest!G52+Riverest!G46+'Riverview MHRV LLC'!G49+Rosehaven!G114+'Sanctuary RV Resort'!G226+'Shadow Mountain MHC'!G33+Springhaven!G33+'Star Valley Ranch'!G44+Sunhaven!G40+'Sunny Grove'!G39+Tarponaire!G43+'Val Vista RV Resort'!G72+'Webster RV Resort LLC'!G59+'Wekiva Falls RV Resort'!G83+'West Jupiter RV Resort'!G40+'Western Way RV Resort LLC'!G132 | H12: ='Agave Village (ag011)'!H65+'Agave Village LLC'!H54+'Brookhaven Estates (bo260)'!H47+'Brookhaven RV Resort'!H43+'Courtly Manor'!H36+'Courtly Manor Park (co669)'!H37+'Cross Creek RV'!H132+'Cross Creek RV Resort (cr994)'!H138+'El Rio De Oro (el289)'!H34+'El Rio del Oro'!H37+'Endless Summer RV Resort'!H55+'Endless Summer RV Resort (en079'!H47+Evergreen!H34+'Far Horizons'!H34+'Far Horizons (fa105)'!H34+'Floridian Sandalwood (fl356)'!H31+'Floridian Sandalwood MHC'!H35+Glenhaven!H39+'Glenhaven Estates (gl317)'!H39+'Harbor Lights (ha310)'!H40+'Harbor Lights MHC'!H38+'Harvest Gate'!H48+'Hunter Run RV Estates'!H89+'Hunters Run RV Estates (hu116)'!H202+'Jade Isle (ja068)'!H31+'Jade Isle MHC'!H33+'Kakusha Estates (ka045)'!H37+'Kakusha MHC'!H36+'Lakeside Village'!H42+'Lakeside Village (la482)'!H44+'Lakewood Village (la481)'!H103+'Lakewood Village MHC LLC'!H123+'Maple Corner'!H56+'Maple Corner (ma490)'!H46+'Marlboro Court (ma489)'!H34+'Marlboro Court MHC LLC'!H34+'May Manor'!H138+'May Manor (ma488)'!H70+'Mobiland by the Sea (mo320)'!H39+'Mobiland By The Sea MHC'!H40+'Moss Landing'!H67+'Moss Landing (mo321)'!H59+'Oak Springs'!H71+'Oak Springs MHC (oa150)'!H47+'Orange Manor East'!H36+'Orange Manor East (or125)'!H39+'Pacific Manor'!H45+'Pacific Manor (pa602)'!H47+Parkhaven!H102+Ridgecrest!H52+Riverest!H46+'Riverview MHRV LLC'!H49+Rosehaven!H114+'Sanctuary RV Resort'!H226+'Shadow Mountain MHC'!H33+Springhaven!H33+'Star Valley Ranch'!H44+Sunhaven!H40+'Sunny Grove'!H39+Tarponaire!H43+'Val Vista RV Resort'!H72+'Webster RV Resort LLC'!H59+'Wekiva Falls RV Resort'!H83+'West Jupiter RV Resort'!H40+'Western Way RV Resort LLC'!H132 | I12: ='Agave Village (ag011)'!I65+'Agave Village LLC'!I54+'Brookhaven Estates (bo260)'!I47+'Brookhaven RV Resort'!I43+'Courtly Manor'!I36+'Courtly Manor Park (co669)'!I37+'Cross Creek RV'!I132+'Cross Creek RV Resort (cr994)'!I138+'El Rio De Oro (el289)'!I34+'El Rio del Oro'!I37+'Endless Summer RV Resort'!I55+'Endless Summer RV Resort (en079'!I47+Evergreen!I34+'Far Horizons'!I34+'Far Horizons (fa105)'!I34+'Floridian Sandalwood (fl356)'!I31+'Floridian Sandalwood MHC'!I35+Glenhaven!I39+'Glenhaven Estates (gl317)'!I39+'Harbor Lights (ha310)'!I40+'Harbor Lights MHC'!I38+'Harvest Gate'!I48+'Hunter Run RV Estates'!I89+'Hunters Run RV Estates (hu116)'!I202+'Jade Isle (ja068)'!I31+'Jade Isle MHC'!I33+'Kakusha Estates (ka045)'!I37+'Kakusha MHC'!I36+'Lakeside Village'!I42+'Lakeside Village (la482)'!I44+'Lakewood Village (la481)'!I103+'Lakewood Village MHC LLC'!I123+'Maple Corner'!I56+'Maple Corner (ma490)'!I46+'Marlboro Court (ma489)'!I34+'Marlboro Court MHC LLC'!I34+'May Manor'!I138+'May Manor (ma488)'!I70+'Mobiland by the Sea (mo320)'!I39+'Mobiland By The Sea MHC'!I40+'Moss Landing'!I67+'Moss Landing (mo321)'!I59+'Oak Springs'!I71+'Oak Springs MHC (oa150)'!I47+'Orange Manor East'!I36+'Orange Manor East (or125)'!I39+'Pacific Manor'!I45+'Pacific Manor (pa602)'!I47+Parkhaven!I102+Ridgecrest!I52+Riverest!I46+'Riverview MHRV LLC'!I49+Rosehaven!I114+'Sanctuary RV Resort'!I226+'Shadow Mountain MHC'!I33+Springhaven!I33+'Star Valley Ranch'!I44+Sunhaven!I40+'Sunny Grove'!I39+Tarponaire!I43+'Val Vista RV Resort'!I72+'Webster RV Resort LLC'!I59+'Wekiva Falls RV Resort'!I83+'West Jupiter RV Resort'!I40+'Western Way RV Resort LLC'!I132 | J12: ='Agave Village (ag011)'!J65+'Agave Village LLC'!J54+'Brookhaven Estates (bo260)'!J47+'Brookhaven RV Resort'!J43+'Courtly Manor'!J36+'Courtly Manor Park (co669)'!J37+'Cross Creek RV'!J132+'Cross Creek RV Resort (cr994)'!J138+'El Rio De Oro (el289)'!J34+'El Rio del Oro'!J37+'Endless Summer RV Resort'!J55+'Endless Summer RV Resort (en079'!J47+Evergreen!J34+'Far Horizons'!J34+'Far Horizons (fa105)'!J34+'Floridian Sandalwood (fl356)'!J31+'Floridian Sandalwood MHC'!J35+Glenhaven!J39+'Glenhaven Estates (gl317)'!J39+'Harbor Lights (ha310)'!J40+'Harbor Lights MHC'!J38+'Harvest Gate'!J48+'Hunter Run RV Estates'!J89+'Hunters Run RV Estates (hu116)'!J202+'Jade Isle (ja068)'!J31+'Jade Isle MHC'!J33+'Kakusha Estates (ka045)'!J37+'Kakusha MHC'!J36+'Lakeside Village'!J42+'Lakeside Village (la482)'!J44+'Lakewood Village (la481)'!J103+'Lakewood Village MHC LLC'!J123+'Maple Corner'!J56+'Maple Corner (ma490)'!J46+'Marlboro Court (ma489)'!J34+'Marlboro Court MHC LLC'!J34+'May Manor'!J138+'May Manor (ma488)'!J70+'Mobiland by the Sea (mo320)'!J39+'Mobiland By The Sea MHC'!J40+'Moss Landing'!J67+'Moss Landing (mo321)'!J59+'Oak Springs'!J71+'Oak Springs MHC (oa150)'!J47+'Orange Manor East'!J36+'Orange Manor East (or125)'!J39+'Pacific Manor'!J45+'Pacific Manor (pa602)'!J47+Parkhaven!J102+Ridgecrest!J52+Riverest!J46+'Riverview MHRV LLC'!J49+Rosehaven!J114+'Sanctuary RV Resort'!J226+'Shadow Mountain MHC'!J33+Springhaven!J33+'Star Valley Ranch'!J44+Sunhaven!J40+'Sunny Grove'!J39+Tarponaire!J43+'Val Vista RV Resort'!J72+'Webster RV Resort LLC'!J59+'Wekiva Falls RV Resort'!J83+'West Jupiter RV Resort'!J40+'Western Way RV Resort LLC'!J132 | K12: ='Agave Village (ag011)'!K65+'Agave Village LLC'!K54+'Brookhaven Estates (bo260)'!K47+'Brookhaven RV Resort'!K43+'Courtly Manor'!K36+'Courtly Manor Park (co669)'!K37+'Cross Creek RV'!K132+'Cross Creek RV Resort (cr994)'!K138+'El Rio De Oro (el289)'!K34+'El Rio del Oro'!K37+'Endless Summer RV Resort'!K55+'Endless Summer RV Resort (en079'!K47+Evergreen!K34+'Far Horizons'!K34+'Far Horizons (fa105)'!K34+'Floridian Sandalwood (fl356)'!K31+'Floridian Sandalwood MHC'!K35+Glenhaven!K39+'Glenhaven Estates (gl317)'!K39+'Harbor Lights (ha310)'!K40+'Harbor Lights MHC'!K38+'Harvest Gate'!K48+'Hunter Run RV Estates'!K89+'Hunters Run RV Estates (hu116)'!K202+'Jade Isle (ja068)'!K31+'Jade Isle MHC'!K33+'Kakusha Estates (ka045)'!K37+'Kakusha MHC'!K36+'Lakeside Village'!K42+'Lakeside Village (la482)'!K44+'Lakewood Village (la481)'!K103+'Lakewood Village MHC LLC'!K123+'Maple Corner'!K56+'Maple Corner (ma490)'!K46+'Marlboro Court (ma489)'!K34+'Marlboro Court MHC LLC'!K34+'May Manor'!K138+'May Manor (ma488)'!K70+'Mobiland by the Sea (mo320)'!K39+'Mobiland By The Sea MHC'!K40+'Moss Landing'!K67+'Moss Landing (mo321)'!K59+'Oak Springs'!K71+'Oak Springs MHC (oa150)'!K47+'Orange Manor East'!K36+'Orange Manor East (or125)'!K39+'Pacific Manor'!K45+'Pacific Manor (pa602)'!K47+Parkhaven!K102+Ridgecrest!K52+Riverest!K46+'Riverview MHRV LLC'!K49+Rosehaven!K114+'Sanctuary RV Resort'!K226+'Shadow Mountain MHC'!K33+Springhaven!K33+'Star Valley Ranch'!K44+Sunhaven!K40+'Sunny Grove'!K39+Tarponaire!K43+'Val Vista RV Resort'!K72+'Webster RV Resort LLC'!K59+'Wekiva Falls RV Resort'!K83+'West Jupiter RV Resort'!K40+'Western Way RV Resort LLC'!K132 | L12: ='Agave Village (ag011)'!L65+'Agave Village LLC'!L54+'Brookhaven Estates (bo260)'!L47+'Brookhaven RV Resort'!L43+'Courtly Manor'!L36+'Courtly Manor Park (co669)'!L37+'Cross Creek RV'!L132+'Cross Creek RV Resort (cr994)'!L138+'El Rio De Oro (el289)'!L34+'El Rio del Oro'!L37+'Endless Summer RV Resort'!L55+'Endless Summer RV Resort (en079'!L47+Evergreen!L34+'Far Horizons'!L34+'Far Horizons (fa105)'!L34+'Floridian Sandalwood (fl356)'!L31+'Floridian Sandalwood MHC'!L35+Glenhaven!L39+'Glenhaven Estates (gl317)'!L39+'Harbor Lights (ha310)'!L40+'Harbor Lights MHC'!L38+'Harvest Gate'!L48+'Hunter Run RV Estates'!L89+'Hunters Run RV Estates (hu116)'!L202+'Jade Isle (ja068)'!L31+'Jade Isle MHC'!L33+'Kakusha Estates (ka045)'!L37+'Kakusha MHC'!L36+'Lakeside Village'!L42+'Lakeside Village (la482)'!L44+'Lakewood Village (la481)'!L103+'Lakewood Village MHC LLC'!L123+'Maple Corner'!L56+'Maple Corner (ma490)'!L46+'Marlboro Court (ma489)'!L34+'Marlboro Court MHC LLC'!L34+'May Manor'!L138+'May Manor (ma488)'!L70+'Mobiland by the Sea (mo320)'!L39+'Mobiland By The Sea MHC'!L40+'Moss Landing'!L67+'Moss Landing (mo321)'!L59+'Oak Springs'!L71+'Oak Springs MHC (oa150)'!L47+'Orange Manor East'!L36+'Orange Manor East (or125)'!L39+'Pacific Manor'!L45+'Pacific Manor (pa602)'!L47+Parkhaven!L102+Ridgecrest!L52+Riverest!L46+'Riverview MHRV LLC'!L49+Rosehaven!L114+'Sanctuary RV Resort'!L226+'Shadow Mountain MHC'!L33+Springhaven!L33+'Star Valley Ranch'!L44+Sunhaven!L40+'Sunny Grove'!L39+Tarponaire!L43+'Val Vista RV Resort'!L72+'Webster RV Resort LLC'!L59+'Wekiva Falls RV Resort'!L83+'West Jupiter RV Resort'!L40+'Western Way RV Resort LLC'!L132 | ... AJ12: ='Agave Village (ag011)'!AJ65+'Agave Village LLC'!AJ54+'Brookhaven Estates (bo260)'!AJ47+'Brookhaven RV Resort'!AJ43+'Courtly Manor'!AJ36+'Courtly Manor Park (co669)'!AJ37+'Cross Creek RV'!AJ132+'Cross Creek RV Resort (cr994)'!AJ138+'El Rio De Oro (el289)'!AJ34+'El Rio del Oro'!AJ37+'Endless Summer RV Resort'!AJ55+'Endless Summer RV Resort (en079'!AJ47+Evergreen!AJ34+'Far Horizons'!AJ34+'Far Horizons (fa105)'!AJ34+'Floridian Sandalwood (fl356)'!AJ31+'Floridian Sandalwood MHC'!AJ35+Glenhaven!AJ39+'Glenhaven Estates (gl317)'!AJ39+'Harbor Lights (ha310)'!AJ40+'Harbor Lights MHC'!AJ38+'Harvest Gate'!AJ48+'Hunter Run RV Estates'!AJ89+'Hunters Run RV Estates (hu116)'!AJ202+'Jade Isle (ja068)'!AJ31+'Jade Isle MHC'!AJ33+'Kakusha Estates (ka045)'!AJ37+'Kakusha MHC'!AJ36+'Lakeside Village'!AJ42+'Lakeside Village (la482)'!AJ44+'Lakewood Village (la481)'!AJ103+'Lakewood Village MHC LLC'!AJ123+'Maple Corner'!AJ56+'Maple Corner (ma490)'!AJ46+'Marlboro Court (ma489)'!AJ34+'Marlboro Court MHC LLC'!AJ34+'May Manor'!AJ138+'May Manor (ma488)'!AJ70+'Mobiland by the Sea (mo320)'!AJ39+'Mobiland By The Sea MHC'!AJ40+'Moss Landing'!AJ67+'Moss Landing (mo321)'!AJ59+'Oak Springs'!AJ71+'Oak Springs MHC (oa150)'!AJ47+'Orange Manor East'!AJ36+'Orange Manor East (or125)'!AJ39+'Pacific Manor'!AJ45+'Pacific Manor (pa602)'!AJ47+Parkhaven!AJ102+Ridgecrest!AJ52+Riverest!AJ46+'Riverview MHRV LLC'!AJ49+Rosehaven!AJ114+'Sanctuary RV Resort'!AJ226+'Shadow Mountain MHC'!AJ33+Springhaven!AJ33+'Star Valley Ranch'!AJ44+Sunhaven!AJ40+'Sunny Grove'!AJ39+Tarponaire!AJ43+'Val Vista RV Resort'!AJ72+'Webster RV Resort LLC'!AJ59+'Wekiva Falls RV Resort'!AJ83+'West Jupiter RV Resort'!AJ40+'Western Way RV Resort LLC'!AJ132
B13: Total Utilities | E13: ='Agave Village (ag011)'!E66+'Agave Village LLC'!E55+'Brookhaven Estates (bo260)'!E48+'Brookhaven RV Resort'!E44+'Courtly Manor'!E37+'Courtly Manor Park (co669)'!E38+'Cross Creek RV'!E133+'Cross Creek RV Resort (cr994)'!E139+'El Rio De Oro (el289)'!E35+'El Rio del Oro'!E38+'Endless Summer RV Resort'!E56+'Endless Summer RV Resort (en079'!E48+Evergreen!E35+'Far Horizons'!E35+'Far Horizons (fa105)'!E35+'Floridian Sandalwood (fl356)'!E32+'Floridian Sandalwood MHC'!E36+Glenhaven!E40+'Glenhaven Estates (gl317)'!E40+'Harbor Lights (ha310)'!E41+'Harbor Lights MHC'!E39+'Harvest Gate'!E49+'Hunter Run RV Estates'!E90+'Hunters Run RV Estates (hu116)'!E203+'Jade Isle (ja068)'!E32+'Jade Isle MHC'!E34+'Kakusha Estates (ka045)'!E38+'Kakusha MHC'!E37+'Lakeside Village'!E43+'Lakeside Village (la482)'!E45+'Lakewood Village (la481)'!E104+'Lakewood Village MHC LLC'!E124+'Maple Corner'!E57+'Maple Corner (ma490)'!E47+'Marlboro Court (ma489)'!E35+'Marlboro Court MHC LLC'!E35+'May Manor'!E139+'May Manor (ma488)'!E71+'Mobiland by the Sea (mo320)'!E40+'Mobiland By The Sea MHC'!E41+'Moss Landing'!E68+'Moss Landing (mo321)'!E60+'Oak Springs'!E72+'Oak Springs MHC (oa150)'!E48+'Orange Manor East'!E37+'Orange Manor East (or125)'!E40+'Pacific Manor'!E46+'Pacific Manor (pa602)'!E48+Parkhaven!E103+Ridgecrest!E53+Riverest!E47+'Riverview MHRV LLC'!E50+Rosehaven!E115+'Sanctuary RV Resort'!E227+'Shadow Mountain MHC'!E34+Springhaven!E34+'Star Valley Ranch'!E45+Sunhaven!E41+'Sunny Grove'!E40+Tarponaire!E44+'Val Vista RV Resort'!E73+'Webster RV Resort LLC'!E60+'Wekiva Falls RV Resort'!E84+'West Jupiter RV Resort'!E41+'Western Way RV Resort LLC'!E133 | F13: ='Agave Village (ag011)'!F66+'Agave Village LLC'!F55+'Brookhaven Estates (bo260)'!F48+'Brookhaven RV Resort'!F44+'Courtly Manor'!F37+'Courtly Manor Park (co669)'!F38+'Cross Creek RV'!F133+'Cross Creek RV Resort (cr994)'!F139+'El Rio De Oro (el289)'!F35+'El Rio del Oro'!F38+'Endless Summer RV Resort'!F56+'Endless Summer RV Resort (en079'!F48+Evergreen!F35+'Far Horizons'!F35+'Far Horizons (fa105)'!F35+'Floridian Sandalwood (fl356)'!F32+'Floridian Sandalwood MHC'!F36+Glenhaven!F40+'Glenhaven Estates (gl317)'!F40+'Harbor Lights (ha310)'!F41+'Harbor Lights MHC'!F39+'Harvest Gate'!F49+'Hunter Run RV Estates'!F90+'Hunters Run RV Estates (hu116)'!F203+'Jade Isle (ja068)'!F32+'Jade Isle MHC'!F34+'Kakusha Estates (ka045)'!F38+'Kakusha MHC'!F37+'Lakeside Village'!F43+'Lakeside Village (la482)'!F45+'Lakewood Village (la481)'!F104+'Lakewood Village MHC LLC'!F124+'Maple Corner'!F57+'Maple Corner (ma490)'!F47+'Marlboro Court (ma489)'!F35+'Marlboro Court MHC LLC'!F35+'May Manor'!F139+'May Manor (ma488)'!F71+'Mobiland by the Sea (mo320)'!F40+'Mobiland By The Sea MHC'!F41+'Moss Landing'!F68+'Moss Landing (mo321)'!F60+'Oak Springs'!F72+'Oak Springs MHC (oa150)'!F48+'Orange Manor East'!F37+'Orange Manor East (or125)'!F40+'Pacific Manor'!F46+'Pacific Manor (pa602)'!F48+Parkhaven!F103+Ridgecrest!F53+Riverest!F47+'Riverview MHRV LLC'!F50+Rosehaven!F115+'Sanctuary RV Resort'!F227+'Shadow Mountain MHC'!F34+Springhaven!F34+'Star Valley Ranch'!F45+Sunhaven!F41+'Sunny Grove'!F40+Tarponaire!F44+'Val Vista RV Resort'!F73+'Webster RV Resort LLC'!F60+'Wekiva Falls RV Resort'!F84+'West Jupiter RV Resort'!F41+'Western Way RV Resort LLC'!F133 | G13: ='Agave Village (ag011)'!G66+'Agave Village LLC'!G55+'Brookhaven Estates (bo260)'!G48+'Brookhaven RV Resort'!G44+'Courtly Manor'!G37+'Courtly Manor Park (co669)'!G38+'Cross Creek RV'!G133+'Cross Creek RV Resort (cr994)'!G139+'El Rio De Oro (el289)'!G35+'El Rio del Oro'!G38+'Endless Summer RV Resort'!G56+'Endless Summer RV Resort (en079'!G48+Evergreen!G35+'Far Horizons'!G35+'Far Horizons (fa105)'!G35+'Floridian Sandalwood (fl356)'!G32+'Floridian Sandalwood MHC'!G36+Glenhaven!G40+'Glenhaven Estates (gl317)'!G40+'Harbor Lights (ha310)'!G41+'Harbor Lights MHC'!G39+'Harvest Gate'!G49+'Hunter Run RV Estates'!G90+'Hunters Run RV Estates (hu116)'!G203+'Jade Isle (ja068)'!G32+'Jade Isle MHC'!G34+'Kakusha Estates (ka045)'!G38+'Kakusha MHC'!G37+'Lakeside Village'!G43+'Lakeside Village (la482)'!G45+'Lakewood Village (la481)'!G104+'Lakewood Village MHC LLC'!G124+'Maple Corner'!G57+'Maple Corner (ma490)'!G47+'Marlboro Court (ma489)'!G35+'Marlboro Court MHC LLC'!G35+'May Manor'!G139+'May Manor (ma488)'!G71+'Mobiland by the Sea (mo320)'!G40+'Mobiland By The Sea MHC'!G41+'Moss Landing'!G68+'Moss Landing (mo321)'!G60+'Oak Springs'!G72+'Oak Springs MHC (oa150)'!G48+'Orange Manor East'!G37+'Orange Manor East (or125)'!G40+'Pacific Manor'!G46+'Pacific Manor (pa602)'!G48+Parkhaven!G103+Ridgecrest!G53+Riverest!G47+'Riverview MHRV LLC'!G50+Rosehaven!G115+'Sanctuary RV Resort'!G227+'Shadow Mountain MHC'!G34+Springhaven!G34+'Star Valley Ranch'!G45+Sunhaven!G41+'Sunny Grove'!G40+Tarponaire!G44+'Val Vista RV Resort'!G73+'Webster RV Resort LLC'!G60+'Wekiva Falls RV Resort'!G84+'West Jupiter RV Resort'!G41+'Western Way RV Resort LLC'!G133 | H13: ='Agave Village (ag011)'!H66+'Agave Village LLC'!H55+'Brookhaven Estates (bo260)'!H48+'Brookhaven RV Resort'!H44+'Courtly Manor'!H37+'Courtly Manor Park (co669)'!H38+'Cross Creek RV'!H133+'Cross Creek RV Resort (cr994)'!H139+'El Rio De Oro (el289)'!H35+'El Rio del Oro'!H38+'Endless Summer RV Resort'!H56+'Endless Summer RV Resort (en079'!H48+Evergreen!H35+'Far Horizons'!H35+'Far Horizons (fa105)'!H35+'Floridian Sandalwood (fl356)'!H32+'Floridian Sandalwood MHC'!H36+Glenhaven!H40+'Glenhaven Estates (gl317)'!H40+'Harbor Lights (ha310)'!H41+'Harbor Lights MHC'!H39+'Harvest Gate'!H49+'Hunter Run RV Estates'!H90+'Hunters Run RV Estates (hu116)'!H203+'Jade Isle (ja068)'!H32+'Jade Isle MHC'!H34+'Kakusha Estates (ka045)'!H38+'Kakusha MHC'!H37+'Lakeside Village'!H43+'Lakeside Village (la482)'!H45+'Lakewood Village (la481)'!H104+'Lakewood Village MHC LLC'!H124+'Maple Corner'!H57+'Maple Corner (ma490)'!H47+'Marlboro Court (ma489)'!H35+'Marlboro Court MHC LLC'!H35+'May Manor'!H139+'May Manor (ma488)'!H71+'Mobiland by the Sea (mo320)'!H40+'Mobiland By The Sea MHC'!H41+'Moss Landing'!H68+'Moss Landing (mo321)'!H60+'Oak Springs'!H72+'Oak Springs MHC (oa150)'!H48+'Orange Manor East'!H37+'Orange Manor East (or125)'!H40+'Pacific Manor'!H46+'Pacific Manor (pa602)'!H48+Parkhaven!H103+Ridgecrest!H53+Riverest!H47+'Riverview MHRV LLC'!H50+Rosehaven!H115+'Sanctuary RV Resort'!H227+'Shadow Mountain MHC'!H34+Springhaven!H34+'Star Valley Ranch'!H45+Sunhaven!H41+'Sunny Grove'!H40+Tarponaire!H44+'Val Vista RV Resort'!H73+'Webster RV Resort LLC'!H60+'Wekiva Falls RV Resort'!H84+'West Jupiter RV Resort'!H41+'Western Way RV Resort LLC'!H133 | I13: ='Agave Village (ag011)'!I66+'Agave Village LLC'!I55+'Brookhaven Estates (bo260)'!I48+'Brookhaven RV Resort'!I44+'Courtly Manor'!I37+'Courtly Manor Park (co669)'!I38+'Cross Creek RV'!I133+'Cross Creek RV Resort (cr994)'!I139+'El Rio De Oro (el289)'!I35+'El Rio del Oro'!I38+'Endless Summer RV Resort'!I56+'Endless Summer RV Resort (en079'!I48+Evergreen!I35+'Far Horizons'!I35+'Far Horizons (fa105)'!I35+'Floridian Sandalwood (fl356)'!I32+'Floridian Sandalwood MHC'!I36+Glenhaven!I40+'Glenhaven Estates (gl317)'!I40+'Harbor Lights (ha310)'!I41+'Harbor Lights MHC'!I39+'Harvest Gate'!I49+'Hunter Run RV Estates'!I90+'Hunters Run RV Estates (hu116)'!I203+'Jade Isle (ja068)'!I32+'Jade Isle MHC'!I34+'Kakusha Estates (ka045)'!I38+'Kakusha MHC'!I37+'Lakeside Village'!I43+'Lakeside Village (la482)'!I45+'Lakewood Village (la481)'!I104+'Lakewood Village MHC LLC'!I124+'Maple Corner'!I57+'Maple Corner (ma490)'!I47+'Marlboro Court (ma489)'!I35+'Marlboro Court MHC LLC'!I35+'May Manor'!I139+'May Manor (ma488)'!I71+'Mobiland by the Sea (mo320)'!I40+'Mobiland By The Sea MHC'!I41+'Moss Landing'!I68+'Moss Landing (mo321)'!I60+'Oak Springs'!I72+'Oak Springs MHC (oa150)'!I48+'Orange Manor East'!I37+'Orange Manor East (or125)'!I40+'Pacific Manor'!I46+'Pacific Manor (pa602)'!I48+Parkhaven!I103+Ridgecrest!I53+Riverest!I47+'Riverview MHRV LLC'!I50+Rosehaven!I115+'Sanctuary RV Resort'!I227+'Shadow Mountain MHC'!I34+Springhaven!I34+'Star Valley Ranch'!I45+Sunhaven!I41+'Sunny Grove'!I40+Tarponaire!I44+'Val Vista RV Resort'!I73+'Webster RV Resort LLC'!I60+'Wekiva Falls RV Resort'!I84+'West Jupiter RV Resort'!I41+'Western Way RV Resort LLC'!I133 | J13: ='Agave Village (ag011)'!J66+'Agave Village LLC'!J55+'Brookhaven Estates (bo260)'!J48+'Brookhaven RV Resort'!J44+'Courtly Manor'!J37+'Courtly Manor Park (co669)'!J38+'Cross Creek RV'!J133+'Cross Creek RV Resort (cr994)'!J139+'El Rio De Oro (el289)'!J35+'El Rio del Oro'!J38+'Endless Summer RV Resort'!J56+'Endless Summer RV Resort (en079'!J48+Evergreen!J35+'Far Horizons'!J35+'Far Horizons (fa105)'!J35+'Floridian Sandalwood (fl356)'!J32+'Floridian Sandalwood MHC'!J36+Glenhaven!J40+'Glenhaven Estates (gl317)'!J40+'Harbor Lights (ha310)'!J41+'Harbor Lights MHC'!J39+'Harvest Gate'!J49+'Hunter Run RV Estates'!J90+'Hunters Run RV Estates (hu116)'!J203+'Jade Isle (ja068)'!J32+'Jade Isle MHC'!J34+'Kakusha Estates (ka045)'!J38+'Kakusha MHC'!J37+'Lakeside Village'!J43+'Lakeside Village (la482)'!J45+'Lakewood Village (la481)'!J104+'Lakewood Village MHC LLC'!J124+'Maple Corner'!J57+'Maple Corner (ma490)'!J47+'Marlboro Court (ma489)'!J35+'Marlboro Court MHC LLC'!J35+'May Manor'!J139+'May Manor (ma488)'!J71+'Mobiland by the Sea (mo320)'!J40+'Mobiland By The Sea MHC'!J41+'Moss Landing'!J68+'Moss Landing (mo321)'!J60+'Oak Springs'!J72+'Oak Springs MHC (oa150)'!J48+'Orange Manor East'!J37+'Orange Manor East (or125)'!J40+'Pacific Manor'!J46+'Pacific Manor (pa602)'!J48+Parkhaven!J103+Ridgecrest!J53+Riverest!J47+'Riverview MHRV LLC'!J50+Rosehaven!J115+'Sanctuary RV Resort'!J227+'Shadow Mountain MHC'!J34+Springhaven!J34+'Star Valley Ranch'!J45+Sunhaven!J41+'Sunny Grove'!J40+Tarponaire!J44+'Val Vista RV Resort'!J73+'Webster RV Resort LLC'!J60+'Wekiva Falls RV Resort'!J84+'West Jupiter RV Resort'!J41+'Western Way RV Resort LLC'!J133 | K13: ='Agave Village (ag011)'!K66+'Agave Village LLC'!K55+'Brookhaven Estates (bo260)'!K48+'Brookhaven RV Resort'!K44+'Courtly Manor'!K37+'Courtly Manor Park (co669)'!K38+'Cross Creek RV'!K133+'Cross Creek RV Resort (cr994)'!K139+'El Rio De Oro (el289)'!K35+'El Rio del Oro'!K38+'Endless Summer RV Resort'!K56+'Endless Summer RV Resort (en079'!K48+Evergreen!K35+'Far Horizons'!K35+'Far Horizons (fa105)'!K35+'Floridian Sandalwood (fl356)'!K32+'Floridian Sandalwood MHC'!K36+Glenhaven!K40+'Glenhaven Estates (gl317)'!K40+'Harbor Lights (ha310)'!K41+'Harbor Lights MHC'!K39+'Harvest Gate'!K49+'Hunter Run RV Estates'!K90+'Hunters Run RV Estates (hu116)'!K203+'Jade Isle (ja068)'!K32+'Jade Isle MHC'!K34+'Kakusha Estates (ka045)'!K38+'Kakusha MHC'!K37+'Lakeside Village'!K43+'Lakeside Village (la482)'!K45+'Lakewood Village (la481)'!K104+'Lakewood Village MHC LLC'!K124+'Maple Corner'!K57+'Maple Corner (ma490)'!K47+'Marlboro Court (ma489)'!K35+'Marlboro Court MHC LLC'!K35+'May Manor'!K139+'May Manor (ma488)'!K71+'Mobiland by the Sea (mo320)'!K40+'Mobiland By The Sea MHC'!K41+'Moss Landing'!K68+'Moss Landing (mo321)'!K60+'Oak Springs'!K72+'Oak Springs MHC (oa150)'!K48+'Orange Manor East'!K37+'Orange Manor East (or125)'!K40+'Pacific Manor'!K46+'Pacific Manor (pa602)'!K48+Parkhaven!K103+Ridgecrest!K53+Riverest!K47+'Riverview MHRV LLC'!K50+Rosehaven!K115+'Sanctuary RV Resort'!K227+'Shadow Mountain MHC'!K34+Springhaven!K34+'Star Valley Ranch'!K45+Sunhaven!K41+'Sunny Grove'!K40+Tarponaire!K44+'Val Vista RV Resort'!K73+'Webster RV Resort LLC'!K60+'Wekiva Falls RV Resort'!K84+'West Jupiter RV Resort'!K41+'Western Way RV Resort LLC'!K133 | L13: ='Agave Village (ag011)'!L66+'Agave Village LLC'!L55+'Brookhaven Estates (bo260)'!L48+'Brookhaven RV Resort'!L44+'Courtly Manor'!L37+'Courtly Manor Park (co669)'!L38+'Cross Creek RV'!L133+'Cross Creek RV Resort (cr994)'!L139+'El Rio De Oro (el289)'!L35+'El Rio del Oro'!L38+'Endless Summer RV Resort'!L56+'Endless Summer RV Resort (en079'!L48+Evergreen!L35+'Far Horizons'!L35+'Far Horizons (fa105)'!L35+'Floridian Sandalwood (fl356)'!L32+'Floridian Sandalwood MHC'!L36+Glenhaven!L40+'Glenhaven Estates (gl317)'!L40+'Harbor Lights (ha310)'!L41+'Harbor Lights MHC'!L39+'Harvest Gate'!L49+'Hunter Run RV Estates'!L90+'Hunters Run RV Estates (hu116)'!L203+'Jade Isle (ja068)'!L32+'Jade Isle MHC'!L34+'Kakusha Estates (ka045)'!L38+'Kakusha MHC'!L37+'Lakeside Village'!L43+'Lakeside Village (la482)'!L45+'Lakewood Village (la481)'!L104+'Lakewood Village MHC LLC'!L124+'Maple Corner'!L57+'Maple Corner (ma490)'!L47+'Marlboro Court (ma489)'!L35+'Marlboro Court MHC LLC'!L35+'May Manor'!L139+'May Manor (ma488)'!L71+'Mobiland by the Sea (mo320)'!L40+'Mobiland By The Sea MHC'!L41+'Moss Landing'!L68+'Moss Landing (mo321)'!L60+'Oak Springs'!L72+'Oak Springs MHC (oa150)'!L48+'Orange Manor East'!L37+'Orange Manor East (or125)'!L40+'Pacific Manor'!L46+'Pacific Manor (pa602)'!L48+Parkhaven!L103+Ridgecrest!L53+Riverest!L47+'Riverview MHRV LLC'!L50+Rosehaven!L115+'Sanctuary RV Resort'!L227+'Shadow Mountain MHC'!L34+Springhaven!L34+'Star Valley Ranch'!L45+Sunhaven!L41+'Sunny Grove'!L40+Tarponaire!L44+'Val Vista RV Resort'!L73+'Webster RV Resort LLC'!L60+'Wekiva Falls RV Resort'!L84+'West Jupiter RV Resort'!L41+'Western Way RV Resort LLC'!L133 | ... AJ13: ='Agave Village (ag011)'!AJ66+'Agave Village LLC'!AJ55+'Brookhaven Estates (bo260)'!AJ48+'Brookhaven RV Resort'!AJ44+'Courtly Manor'!AJ37+'Courtly Manor Park (co669)'!AJ38+'Cross Creek RV'!AJ133+'Cross Creek RV Resort (cr994)'!AJ139+'El Rio De Oro (el289)'!AJ35+'El Rio del Oro'!AJ38+'Endless Summer RV Resort'!AJ56+'Endless Summer RV Resort (en079'!AJ48+Evergreen!AJ35+'Far Horizons'!AJ35+'Far Horizons (fa105)'!AJ35+'Floridian Sandalwood (fl356)'!AJ32+'Floridian Sandalwood MHC'!AJ36+Glenhaven!AJ40+'Glenhaven Estates (gl317)'!AJ40+'Harbor Lights (ha310)'!AJ41+'Harbor Lights MHC'!AJ39+'Harvest Gate'!AJ49+'Hunter Run RV Estates'!AJ90+'Hunters Run RV Estates (hu116)'!AJ203+'Jade Isle (ja068)'!AJ32+'Jade Isle MHC'!AJ34+'Kakusha Estates (ka045)'!AJ38+'Kakusha MHC'!AJ37+'Lakeside Village'!AJ43+'Lakeside Village (la482)'!AJ45+'Lakewood Village (la481)'!AJ104+'Lakewood Village MHC LLC'!AJ124+'Maple Corner'!AJ57+'Maple Corner (ma490)'!AJ47+'Marlboro Court (ma489)'!AJ35+'Marlboro Court MHC LLC'!AJ35+'May Manor'!AJ139+'May Manor (ma488)'!AJ71+'Mobiland by the Sea (mo320)'!AJ40+'Mobiland By The Sea MHC'!AJ41+'Moss Landing'!AJ68+'Moss Landing (mo321)'!AJ60+'Oak Springs'!AJ72+'Oak Springs MHC (oa150)'!AJ48+'Orange Manor East'!AJ37+'Orange Manor East (or125)'!AJ40+'Pacific Manor'!AJ46+'Pacific Manor (pa602)'!AJ48+Parkhaven!AJ103+Ridgecrest!AJ53+Riverest!AJ47+'Riverview MHRV LLC'!AJ50+Rosehaven!AJ115+'Sanctuary RV Resort'!AJ227+'Shadow Mountain MHC'!AJ34+Springhaven!AJ34+'Star Valley Ranch'!AJ45+Sunhaven!AJ41+'Sunny Grove'!AJ40+Tarponaire!AJ44+'Val Vista RV Resort'!AJ73+'Webster RV Resort LLC'!AJ60+'Wekiva Falls RV Resort'!AJ84+'West Jupiter RV Resort'!AJ41+'Western Way RV Resort LLC'!AJ133
B15: Operating Statement | E15: Dec-99 | F15: Jan-23 | G15: Nov-23 | H15: Dec-23 | I15: Jan-24 | J15: Feb-24 | K15: Mar-24 | L15: Apr-24 | M15: May-24 | N15: Jun-24 | O15: Jul-24 | P15: Aug-24 | Q15: Sep-24 | R15: Oct-24 | S15: Nov-24 | T15: Dec-24 | U15: Jan-25 | V15: Feb-25 | W15: Mar-25 | X15: Apr-25 | Y15: May-25 | Z15: Jun-25 | AA15: Jul-25 | AB15: Aug-25 | AC15: Sep-25 | AD15: Oct-25 | AE15: Nov-25 | AF15: Dec-25 | AG15: Jan-26 | AH15: Feb-26 | AI15: Mar-26 | AJ15: Total
B16: Gas | E16: ='Agave Village (ag011)'!E69+'Agave Village LLC'!E58+'Brookhaven Estates (bo260)'!E51+'Brookhaven RV Resort'!E47+'Courtly Manor'!E40+'Courtly Manor Park (co669)'!E41+'Cross Creek RV'!E136+'Cross Creek RV Resort (cr994)'!E142+'El Rio De Oro (el289)'!E38+'El Rio del Oro'!E41+'Endless Summer RV Resort'!E59+'Endless Summer RV Resort (en079'!E51+Evergreen!E38+'Far Horizons'!E38+'Far Horizons (fa105)'!E38+'Floridian Sandalwood (fl356)'!E35+'Floridian Sandalwood MHC'!E39+Glenhaven!E43+'Glenhaven Estates (gl317)'!E43+'Harbor Lights (ha310)'!E44+'Harbor Lights MHC'!E42+'Harvest Gate'!E52+'Hunter Run RV Estates'!E93+'Hunters Run RV Estates (hu116)'!E206+'Jade Isle (ja068)'!E35+'Jade Isle MHC'!E37+'Kakusha Estates (ka045)'!E41+'Kakusha MHC'!E40+'Lakeside Village'!E46+'Lakeside Village (la482)'!E48+'Lakewood Village (la481)'!E107+'Lakewood Village MHC LLC'!E127+'Maple Corner'!E60+'Maple Corner (ma490)'!E50+'Marlboro Court (ma489)'!E38+'Marlboro Court MHC LLC'!E38+'May Manor'!E142+'May Manor (ma488)'!E74+'Mobiland by the Sea (mo320)'!E43+'Mobiland By The Sea MHC'!E44+'Moss Landing'!E71+'Moss Landing (mo321)'!E63+'Oak Springs'!E75+'Oak Springs MHC (oa150)'!E51+'Orange Manor East'!E40+'Orange Manor East (or125)'!E43+'Pacific Manor'!E49+'Pacific Manor (pa602)'!E51+Parkhaven!E106+Ridgecrest!E56+Riverest!E50+'Riverview MHRV LLC'!E53+Rosehaven!E118+'Sanctuary RV Resort'!E230+'Shadow Mountain MHC'!E37+Springhaven!E37+'Star Valley Ranch'!E48+Sunhaven!E44+'Sunny Grove'!E43+Tarponaire!E47+'Val Vista RV Resort'!E76+'Webster RV Resort LLC'!E63+'Wekiva Falls RV Resort'!E87+'West Jupiter RV Resort'!E44+'Western Way RV Resort LLC'!E136 | F16: ='Agave Village (ag011)'!F69+'Agave Village LLC'!F58+'Brookhaven Estates (bo260)'!F51+'Brookhaven RV Resort'!F47+'Courtly Manor'!F40+'Courtly Manor Park (co669)'!F41+'Cross Creek RV'!F136+'Cross Creek RV Resort (cr994)'!F142+'El Rio De Oro (el289)'!F38+'El Rio del Oro'!F41+'Endless Summer RV Resort'!F59+'Endless Summer RV Resort (en079'!F51+Evergreen!F38+'Far Horizons'!F38+'Far Horizons (fa105)'!F38+'Floridian Sandalwood (fl356)'!F35+'Floridian Sandalwood MHC'!F39+Glenhaven!F43+'Glenhaven Estates (gl317)'!F43+'Harbor Lights (ha310)'!F44+'Harbor Lights MHC'!F42+'Harvest Gate'!F52+'Hunter Run RV Estates'!F93+'Hunters Run RV Estates (hu116)'!F206+'Jade Isle (ja068)'!F35+'Jade Isle MHC'!F37+'Kakusha Estates (ka045)'!F41+'Kakusha MHC'!F40+'Lakeside Village'!F46+'Lakeside Village (la482)'!F48+'Lakewood Village (la481)'!F107+'Lakewood Village MHC LLC'!F127+'Maple Corner'!F60+'Maple Corner (ma490)'!F50+'Marlboro Court (ma489)'!F38+'Marlboro Court MHC LLC'!F38+'May Manor'!F142+'May Manor (ma488)'!F74+'Mobiland by the Sea (mo320)'!F43+'Mobiland By The Sea MHC'!F44+'Moss Landing'!F71+'Moss Landing (mo321)'!F63+'Oak Springs'!F75+'Oak Springs MHC (oa150)'!F51+'Orange Manor East'!F40+'Orange Manor East (or125)'!F43+'Pacific Manor'!F49+'Pacific Manor (pa602)'!F51+Parkhaven!F106+Ridgecrest!F56+Riverest!F50+'Riverview MHRV LLC'!F53+Rosehaven!F118+'Sanctuary RV Resort'!F230+'Shadow Mountain MHC'!F37+Springhaven!F37+'Star Valley Ranch'!F48+Sunhaven!F44+'Sunny Grove'!F43+Tarponaire!F47+'Val Vista RV Resort'!F76+'Webster RV Resort LLC'!F63+'Wekiva Falls RV Resort'!F87+'West Jupiter RV Resort'!F44+'Western Way RV Resort LLC'!F136 | G16: ='Agave Village (ag011)'!G69+'Agave Village LLC'!G58+'Brookhaven Estates (bo260)'!G51+'Brookhaven RV Resort'!G47+'Courtly Manor'!G40+'Courtly Manor Park (co669)'!G41+'Cross Creek RV'!G136+'Cross Creek RV Resort (cr994)'!G142+'El Rio De Oro (el289)'!G38+'El Rio del Oro'!G41+'Endless Summer RV Resort'!G59+'Endless Summer RV Resort (en079'!G51+Evergreen!G38+'Far Horizons'!G38+'Far Horizons (fa105)'!G38+'Floridian Sandalwood (fl356)'!G35+'Floridian Sandalwood MHC'!G39+Glenhaven!G43+'Glenhaven Estates (gl317)'!G43+'Harbor Lights (ha310)'!G44+'Harbor Lights MHC'!G42+'Harvest Gate'!G52+'Hunter Run RV Estates'!G93+'Hunters Run RV Estates (hu116)'!G206+'Jade Isle (ja068)'!G35+'Jade Isle MHC'!G37+'Kakusha Estates (ka045)'!G41+'Kakusha MHC'!G40+'Lakeside Village'!G46+'Lakeside Village (la482)'!G48+'Lakewood Village (la481)'!G107+'Lakewood Village MHC LLC'!G127+'Maple Corner'!G60+'Maple Corner (ma490)'!G50+'Marlboro Court (ma489)'!G38+'Marlboro Court MHC LLC'!G38+'May Manor'!G142+'May Manor (ma488)'!G74+'Mobiland by the Sea (mo320)'!G43+'Mobiland By The Sea MHC'!G44+'Moss Landing'!G71+'Moss Landing (mo321)'!G63+'Oak Springs'!G75+'Oak Springs MHC (oa150)'!G51+'Orange Manor East'!G40+'Orange Manor East (or125)'!G43+'Pacific Manor'!G49+'Pacific Manor (pa602)'!G51+Parkhaven!G106+Ridgecrest!G56+Riverest!G50+'Riverview MHRV LLC'!G53+Rosehaven!G118+'Sanctuary RV Resort'!G230+'Shadow Mountain MHC'!G37+Springhaven!G37+'Star Valley Ranch'!G48+Sunhaven!G44+'Sunny Grove'!G43+Tarponaire!G47+'Val Vista RV Resort'!G76+'Webster RV Resort LLC'!G63+'Wekiva Falls RV Resort'!G87+'West Jupiter RV Resort'!G44+'Western Way RV Resort LLC'!G136 | H16: ='Agave Village (ag011)'!H69+'Agave Village LLC'!H58+'Brookhaven Estates (bo260)'!H51+'Brookhaven RV Resort'!H47+'Courtly Manor'!H40+'Courtly Manor Park (co669)'!H41+'Cross Creek RV'!H136+'Cross Creek RV Resort (cr994)'!H142+'El Rio De Oro (el289)'!H38+'El Rio del Oro'!H41+'Endless Summer RV Resort'!H59+'Endless Summer RV Resort (en079'!H51+Evergreen!H38+'Far Horizons'!H38+'Far Horizons (fa105)'!H38+'Floridian Sandalwood (fl356)'!H35+'Floridian Sandalwood MHC'!H39+Glenhaven!H43+'Glenhaven Estates (gl317)'!H43+'Harbor Lights (ha310)'!H44+'Harbor Lights MHC'!H42+'Harvest Gate'!H52+'Hunter Run RV Estates'!H93+'Hunters Run RV Estates (hu116)'!H206+'Jade Isle (ja068)'!H35+'Jade Isle MHC'!H37+'Kakusha Estates (ka045)'!H41+'Kakusha MHC'!H40+'Lakeside Village'!H46+'Lakeside Village (la482)'!H48+'Lakewood Village (la481)'!H107+'Lakewood Village MHC LLC'!H127+'Maple Corner'!H60+'Maple Corner (ma490)'!H50+'Marlboro Court (ma489)'!H38+'Marlboro Court MHC LLC'!H38+'May Manor'!H142+'May Manor (ma488)'!H74+'Mobiland by the Sea (mo320)'!H43+'Mobiland By The Sea MHC'!H44+'Moss Landing'!H71+'Moss Landing (mo321)'!H63+'Oak Springs'!H75+'Oak Springs MHC (oa150)'!H51+'Orange Manor East'!H40+'Orange Manor East (or125)'!H43+'Pacific Manor'!H49+'Pacific Manor (pa602)'!H51+Parkhaven!H106+Ridgecrest!H56+Riverest!H50+'Riverview MHRV LLC'!H53+Rosehaven!H118+'Sanctuary RV Resort'!H230+'Shadow Mountain MHC'!H37+Springhaven!H37+'Star Valley Ranch'!H48+Sunhaven!H44+'Sunny Grove'!H43+Tarponaire!H47+'Val Vista RV Resort'!H76+'Webster RV Resort LLC'!H63+'Wekiva Falls RV Resort'!H87+'West Jupiter RV Resort'!H44+'Western Way RV Resort LLC'!H136 | I16: ='Agave Village (ag011)'!I69+'Agave Village LLC'!I58+'Brookhaven Estates (bo260)'!I51+'Brookhaven RV Resort'!I47+'Courtly Manor'!I40+'Courtly Manor Park (co669)'!I41+'Cross Creek RV'!I136+'Cross Creek RV Resort (cr994)'!I142+'El Rio De Oro (el289)'!I38+'El Rio del Oro'!I41+'Endless Summer RV Resort'!I59+'Endless Summer RV Resort (en079'!I51+Evergreen!I38+'Far Horizons'!I38+'Far Horizons (fa105)'!I38+'Floridian Sandalwood (fl356)'!I35+'Floridian Sandalwood MHC'!I39+Glenhaven!I43+'Glenhaven Estates (gl317)'!I43+'Harbor Lights (ha310)'!I44+'Harbor Lights MHC'!I42+'Harvest Gate'!I52+'Hunter Run RV Estates'!I93+'Hunters Run RV Estates (hu116)'!I206+'Jade Isle (ja068)'!I35+'Jade Isle MHC'!I37+'Kakusha Estates (ka045)'!I41+'Kakusha MHC'!I40+'Lakeside Village'!I46+'Lakeside Village (la482)'!I48+'Lakewood Village (la481)'!I107+'Lakewood Village MHC LLC'!I127+'Maple Corner'!I60+'Maple Corner (ma490)'!I50+'Marlboro Court (ma489)'!I38+'Marlboro Court MHC LLC'!I38+'May Manor'!I142+'May Manor (ma488)'!I74+'Mobiland by the Sea (mo320)'!I43+'Mobiland By The Sea MHC'!I44+'Moss Landing'!I71+'Moss Landing (mo321)'!I63+'Oak Springs'!I75+'Oak Springs MHC (oa150)'!I51+'Orange Manor East'!I40+'Orange Manor East (or125)'!I43+'Pacific Manor'!I49+'Pacific Manor (pa602)'!I51+Parkhaven!I106+Ridgecrest!I56+Riverest!I50+'Riverview MHRV LLC'!I53+Rosehaven!I118+'Sanctuary RV Resort'!I230+'Shadow Mountain MHC'!I37+Springhaven!I37+'Star Valley Ranch'!I48+Sunhaven!I44+'Sunny Grove'!I43+Tarponaire!I47+'Val Vista RV Resort'!I76+'Webster RV Resort LLC'!I63+'Wekiva Falls RV Resort'!I87+'West Jupiter RV Resort'!I44+'Western Way RV Resort LLC'!I136 | J16: ='Agave Village (ag011)'!J69+'Agave Village LLC'!J58+'Brookhaven Estates (bo260)'!J51+'Brookhaven RV Resort'!J47+'Courtly Manor'!J40+'Courtly Manor Park (co669)'!J41+'Cross Creek RV'!J136+'Cross Creek RV Resort (cr994)'!J142+'El Rio De Oro (el289)'!J38+'El Rio del Oro'!J41+'Endless Summer RV Resort'!J59+'Endless Summer RV Resort (en079'!J51+Evergreen!J38+'Far Horizons'!J38+'Far Horizons (fa105)'!J38+'Floridian Sandalwood (fl356)'!J35+'Floridian Sandalwood MHC'!J39+Glenhaven!J43+'Glenhaven Estates (gl317)'!J43+'Harbor Lights (ha310)'!J44+'Harbor Lights MHC'!J42+'Harvest Gate'!J52+'Hunter Run RV Estates'!J93+'Hunters Run RV Estates (hu116)'!J206+'Jade Isle (ja068)'!J35+'Jade Isle MHC'!J37+'Kakusha Estates (ka045)'!J41+'Kakusha MHC'!J40+'Lakeside Village'!J46+'Lakeside Village (la482)'!J48+'Lakewood Village (la481)'!J107+'Lakewood Village MHC LLC'!J127+'Maple Corner'!J60+'Maple Corner (ma490)'!J50+'Marlboro Court (ma489)'!J38+'Marlboro Court MHC LLC'!J38+'May Manor'!J142+'May Manor (ma488)'!J74+'Mobiland by the Sea (mo320)'!J43+'Mobiland By The Sea MHC'!J44+'Moss Landing'!J71+'Moss Landing (mo321)'!J63+'Oak Springs'!J75+'Oak Springs MHC (oa150)'!J51+'Orange Manor East'!J40+'Orange Manor East (or125)'!J43+'Pacific Manor'!J49+'Pacific Manor (pa602)'!J51+Parkhaven!J106+Ridgecrest!J56+Riverest!J50+'Riverview MHRV LLC'!J53+Rosehaven!J118+'Sanctuary RV Resort'!J230+'Shadow Mountain MHC'!J37+Springhaven!J37+'Star Valley Ranch'!J48+Sunhaven!J44+'Sunny Grove'!J43+Tarponaire!J47+'Val Vista RV Resort'!J76+'Webster RV Resort LLC'!J63+'Wekiva Falls RV Resort'!J87+'West Jupiter RV Resort'!J44+'Western Way RV Resort LLC'!J136 | K16: ='Agave Village (ag011)'!K69+'Agave Village LLC'!K58+'Brookhaven Estates (bo260)'!K51+'Brookhaven RV Resort'!K47+'Courtly Manor'!K40+'Courtly Manor Park (co669)'!K41+'Cross Creek RV'!K136+'Cross Creek RV Resort (cr994)'!K142+'El Rio De Oro (el289)'!K38+'El Rio del Oro'!K41+'Endless Summer RV Resort'!K59+'Endless Summer RV Resort (en079'!K51+Evergreen!K38+'Far Horizons'!K38+'Far Horizons (fa105)'!K38+'Floridian Sandalwood (fl356)'!K35+'Floridian Sandalwood MHC'!K39+Glenhaven!K43+'Glenhaven Estates (gl317)'!K43+'Harbor Lights (ha310)'!K44+'Harbor Lights MHC'!K42+'Harvest Gate'!K52+'Hunter Run RV Estates'!K93+'Hunters Run RV Estates (hu116)'!K206+'Jade Isle (ja068)'!K35+'Jade Isle MHC'!K37+'Kakusha Estates (ka045)'!K41+'Kakusha MHC'!K40+'Lakeside Village'!K46+'Lakeside Village (la482)'!K48+'Lakewood Village (la481)'!K107+'Lakewood Village MHC LLC'!K127+'Maple Corner'!K60+'Maple Corner (ma490)'!K50+'Marlboro Court (ma489)'!K38+'Marlboro Court MHC LLC'!K38+'May Manor'!K142+'May Manor (ma488)'!K74+'Mobiland by the Sea (mo320)'!K43+'Mobiland By The Sea MHC'!K44+'Moss Landing'!K71+'Moss Landing (mo321)'!K63+'Oak Springs'!K75+'Oak Springs MHC (oa150)'!K51+'Orange Manor East'!K40+'Orange Manor East (or125)'!K43+'Pacific Manor'!K49+'Pacific Manor (pa602)'!K51+Parkhaven!K106+Ridgecrest!K56+Riverest!K50+'Riverview MHRV LLC'!K53+Rosehaven!K118+'Sanctuary RV Resort'!K230+'Shadow Mountain MHC'!K37+Springhaven!K37+'Star Valley Ranch'!K48+Sunhaven!K44+'Sunny Grove'!K43+Tarponaire!K47+'Val Vista RV Resort'!K76+'Webster RV Resort LLC'!K63+'Wekiva Falls RV Resort'!K87+'West Jupiter RV Resort'!K44+'Western Way RV Resort LLC'!K136 | L16: ='Agave Village (ag011)'!L69+'Agave Village LLC'!L58+'Brookhaven Estates (bo260)'!L51+'Brookhaven RV Resort'!L47+'Courtly Manor'!L40+'Courtly Manor Park (co669)'!L41+'Cross Creek RV'!L136+'Cross Creek RV Resort (cr994)'!L142+'El Rio De Oro (el289)'!L38+'El Rio del Oro'!L41+'Endless Summer RV Resort'!L59+'Endless Summer RV Resort (en079'!L51+Evergreen!L38+'Far Horizons'!L38+'Far Horizons (fa105)'!L38+'Floridian Sandalwood (fl356)'!L35+'Floridian Sandalwood MHC'!L39+Glenhaven!L43+'Glenhaven Estates (gl317)'!L43+'Harbor Lights (ha310)'!L44+'Harbor Lights MHC'!L42+'Harvest Gate'!L52+'Hunter Run RV Estates'!L93+'Hunters Run RV Estates (hu116)'!L206+'Jade Isle (ja068)'!L35+'Jade Isle MHC'!L37+'Kakusha Estates (ka045)'!L41+'Kakusha MHC'!L40+'Lakeside Village'!L46+'Lakeside Village (la482)'!L48+'Lakewood Village (la481)'!L107+'Lakewood Village MHC LLC'!L127+'Maple Corner'!L60+'Maple Corner (ma490)'!L50+'Marlboro Court (ma489)'!L38+'Marlboro Court MHC LLC'!L38+'May Manor'!L142+'May Manor (ma488)'!L74+'Mobiland by the Sea (mo320)'!L43+'Mobiland By The Sea MHC'!L44+'Moss Landing'!L71+'Moss Landing (mo321)'!L63+'Oak Springs'!L75+'Oak Springs MHC (oa150)'!L51+'Orange Manor East'!L40+'Orange Manor East (or125)'!L43+'Pacific Manor'!L49+'Pacific Manor (pa602)'!L51+Parkhaven!L106+Ridgecrest!L56+Riverest!L50+'Riverview MHRV LLC'!L53+Rosehaven!L118+'Sanctuary RV Resort'!L230+'Shadow Mountain MHC'!L37+Springhaven!L37+'Star Valley Ranch'!L48+Sunhaven!L44+'Sunny Grove'!L43+Tarponaire!L47+'Val Vista RV Resort'!L76+'Webster RV Resort LLC'!L63+'Wekiva Falls RV Resort'!L87+'West Jupiter RV Resort'!L44+'Western Way RV Resort LLC'!L136 | ... AJ16: ='Agave Village (ag011)'!AJ69+'Agave Village LLC'!AJ58+'Brookhaven Estates (bo260)'!AJ51+'Brookhaven RV Resort'!AJ47+'Courtly Manor'!AJ40+'Courtly Manor Park (co669)'!AJ41+'Cross Creek RV'!AJ136+'Cross Creek RV Resort (cr994)'!AJ142+'El Rio De Oro (el289)'!AJ38+'El Rio del Oro'!AJ41+'Endless Summer RV Resort'!AJ59+'Endless Summer RV Resort (en079'!AJ51+Evergreen!AJ38+'Far Horizons'!AJ38+'Far Horizons (fa105)'!AJ38+'Floridian Sandalwood (fl356)'!AJ35+'Floridian Sandalwood MHC'!AJ39+Glenhaven!AJ43+'Glenhaven Estates (gl317)'!AJ43+'Harbor Lights (ha310)'!AJ44+'Harbor Lights MHC'!AJ42+'Harvest Gate'!AJ52+'Hunter Run RV Estates'!AJ93+'Hunters Run RV Estates (hu116)'!AJ206+'Jade Isle (ja068)'!AJ35+'Jade Isle MHC'!AJ37+'Kakusha Estates (ka045)'!AJ41+'Kakusha MHC'!AJ40+'Lakeside Village'!AJ46+'Lakeside Village (la482)'!AJ48+'Lakewood Village (la481)'!AJ107+'Lakewood Village MHC LLC'!AJ127+'Maple Corner'!AJ60+'Maple Corner (ma490)'!AJ50+'Marlboro Court (ma489)'!AJ38+'Marlboro Court MHC LLC'!AJ38+'May Manor'!AJ142+'May Manor (ma488)'!AJ74+'Mobiland by the Sea (mo320)'!AJ43+'Mobiland By The Sea MHC'!AJ44+'Moss Landing'!AJ71+'Moss Landing (mo321)'!AJ63+'Oak Springs'!AJ75+'Oak Springs MHC (oa150)'!AJ51+'Orange Manor East'!AJ40+'Orange Manor East (or125)'!AJ43+'Pacific Manor'!AJ49+'Pacific Manor (pa602)'!AJ51+Parkhaven!AJ106+Ridgecrest!AJ56+Riverest!AJ50+'Riverview MHRV LLC'!AJ53+Rosehaven!AJ118+'Sanctuary RV Resort'!AJ230+'Shadow Mountain MHC'!AJ37+Springhaven!AJ37+'Star Valley Ranch'!AJ48+Sunhaven!AJ44+'Sunny Grove'!AJ43+Tarponaire!AJ47+'Val Vista RV Resort'!AJ76+'Webster RV Resort LLC'!AJ63+'Wekiva Falls RV Resort'!AJ87+'West Jupiter RV Resort'!AJ44+'Western Way RV Resort LLC'!AJ136
B17: Electricity | E17: ='Agave Village (ag011)'!E70+'Agave Village LLC'!E59+'Brookhaven Estates (bo260)'!E52+'Brookhaven RV Resort'!E48+'Courtly Manor'!E41+'Courtly Manor Park (co669)'!E42+'Cross Creek RV'!E137+'Cross Creek RV Resort (cr994)'!E143+'El Rio De Oro (el289)'!E39+'El Rio del Oro'!E42+'Endless Summer RV Resort'!E60+'Endless Summer RV Resort (en079'!E52+Evergreen!E39+'Far Horizons'!E39+'Far Horizons (fa105)'!E39+'Floridian Sandalwood (fl356)'!E36+'Floridian Sandalwood MHC'!E40+Glenhaven!E44+'Glenhaven Estates (gl317)'!E44+'Harbor Lights (ha310)'!E45+'Harbor Lights MHC'!E43+'Harvest Gate'!E53+'Hunter Run RV Estates'!E94+'Hunters Run RV Estates (hu116)'!E207+'Jade Isle (ja068)'!E36+'Jade Isle MHC'!E38+'Kakusha Estates (ka045)'!E42+'Kakusha MHC'!E41+'Lakeside Village'!E47+'Lakeside Village (la482)'!E49+'Lakewood Village (la481)'!E108+'Lakewood Village MHC LLC'!E128+'Maple Corner'!E61+'Maple Corner (ma490)'!E51+'Marlboro Court (ma489)'!E39+'Marlboro Court MHC LLC'!E39+'May Manor'!E143+'May Manor (ma488)'!E75+'Mobiland by the Sea (mo320)'!E44+'Mobiland By The Sea MHC'!E45+'Moss Landing'!E72+'Moss Landing (mo321)'!E64+'Oak Springs'!E76+'Oak Springs MHC (oa150)'!E52+'Orange Manor East'!E41+'Orange Manor East (or125)'!E44+'Pacific Manor'!E50+'Pacific Manor (pa602)'!E52+Parkhaven!E107+Ridgecrest!E57+Riverest!E51+'Riverview MHRV LLC'!E54+Rosehaven!E119+'Sanctuary RV Resort'!E231+'Shadow Mountain MHC'!E38+Springhaven!E38+'Star Valley Ranch'!E49+Sunhaven!E45+'Sunny Grove'!E44+Tarponaire!E48+'Val Vista RV Resort'!E77+'Webster RV Resort LLC'!E64+'Wekiva Falls RV Resort'!E88+'West Jupiter RV Resort'!E45+'Western Way RV Resort LLC'!E137 | F17: ='Agave Village (ag011)'!F70+'Agave Village LLC'!F59+'Brookhaven Estates (bo260)'!F52+'Brookhaven RV Resort'!F48+'Courtly Manor'!F41+'Courtly Manor Park (co669)'!F42+'Cross Creek RV'!F137+'Cross Creek RV Resort (cr994)'!F143+'El Rio De Oro (el289)'!F39+'El Rio del Oro'!F42+'Endless Summer RV Resort'!F60+'Endless Summer RV Resort (en079'!F52+Evergreen!F39+'Far Horizons'!F39+'Far Horizons (fa105)'!F39+'Floridian Sandalwood (fl356)'!F36+'Floridian Sandalwood MHC'!F40+Glenhaven!F44+'Glenhaven Estates (gl317)'!F44+'Harbor Lights (ha310)'!F45+'Harbor Lights MHC'!F43+'Harvest Gate'!F53+'Hunter Run RV Estates'!F94+'Hunters Run RV Estates (hu116)'!F207+'Jade Isle (ja068)'!F36+'Jade Isle MHC'!F38+'Kakusha Estates (ka045)'!F42+'Kakusha MHC'!F41+'Lakeside Village'!F47+'Lakeside Village (la482)'!F49+'Lakewood Village (la481)'!F108+'Lakewood Village MHC LLC'!F128+'Maple Corner'!F61+'Maple Corner (ma490)'!F51+'Marlboro Court (ma489)'!F39+'Marlboro Court MHC LLC'!F39+'May Manor'!F143+'May Manor (ma488)'!F75+'Mobiland by the Sea (mo320)'!F44+'Mobiland By The Sea MHC'!F45+'Moss Landing'!F72+'Moss Landing (mo321)'!F64+'Oak Springs'!F76+'Oak Springs MHC (oa150)'!F52+'Orange Manor East'!F41+'Orange Manor East (or125)'!F44+'Pacific Manor'!F50+'Pacific Manor (pa602)'!F52+Parkhaven!F107+Ridgecrest!F57+Riverest!F51+'Riverview MHRV LLC'!F54+Rosehaven!F119+'Sanctuary RV Resort'!F231+'Shadow Mountain MHC'!F38+Springhaven!F38+'Star Valley Ranch'!F49+Sunhaven!F45+'Sunny Grove'!F44+Tarponaire!F48+'Val Vista RV Resort'!F77+'Webster RV Resort LLC'!F64+'Wekiva Falls RV Resort'!F88+'West Jupiter RV Resort'!F45+'Western Way RV Resort LLC'!F137 | G17: ='Agave Village (ag011)'!G70+'Agave Village LLC'!G59+'Brookhaven Estates (bo260)'!G52+'Brookhaven RV Resort'!G48+'Courtly Manor'!G41+'Courtly Manor Park (co669)'!G42+'Cross Creek RV'!G137+'Cross Creek RV Resort (cr994)'!G143+'El Rio De Oro (el289)'!G39+'El Rio del Oro'!G42+'Endless Summer RV Resort'!G60+'Endless Summer RV Resort (en079'!G52+Evergreen!G39+'Far Horizons'!G39+'Far Horizons (fa105)'!G39+'Floridian Sandalwood (fl356)'!G36+'Floridian Sandalwood MHC'!G40+Glenhaven!G44+'Glenhaven Estates (gl317)'!G44+'Harbor Lights (ha310)'!G45+'Harbor Lights MHC'!G43+'Harvest Gate'!G53+'Hunter Run RV Estates'!G94+'Hunters Run RV Estates (hu116)'!G207+'Jade Isle (ja068)'!G36+'Jade Isle MHC'!G38+'Kakusha Estates (ka045)'!G42+'Kakusha MHC'!G41+'Lakeside Village'!G47+'Lakeside Village (la482)'!G49+'Lakewood Village (la481)'!G108+'Lakewood Village MHC LLC'!G128+'Maple Corner'!G61+'Maple Corner (ma490)'!G51+'Marlboro Court (ma489)'!G39+'Marlboro Court MHC LLC'!G39+'May Manor'!G143+'May Manor (ma488)'!G75+'Mobiland by the Sea (mo320)'!G44+'Mobiland By The Sea MHC'!G45+'Moss Landing'!G72+'Moss Landing (mo321)'!G64+'Oak Springs'!G76+'Oak Springs MHC (oa150)'!G52+'Orange Manor East'!G41+'Orange Manor East (or125)'!G44+'Pacific Manor'!G50+'Pacific Manor (pa602)'!G52+Parkhaven!G107+Ridgecrest!G57+Riverest!G51+'Riverview MHRV LLC'!G54+Rosehaven!G119+'Sanctuary RV Resort'!G231+'Shadow Mountain MHC'!G38+Springhaven!G38+'Star Valley Ranch'!G49+Sunhaven!G45+'Sunny Grove'!G44+Tarponaire!G48+'Val Vista RV Resort'!G77+'Webster RV Resort LLC'!G64+'Wekiva Falls RV Resort'!G88+'West Jupiter RV Resort'!G45+'Western Way RV Resort LLC'!G137 | H17: ='Agave Village (ag011)'!H70+'Agave Village LLC'!H59+'Brookhaven Estates (bo260)'!H52+'Brookhaven RV Resort'!H48+'Courtly Manor'!H41+'Courtly Manor Park (co669)'!H42+'Cross Creek RV'!H137+'Cross Creek RV Resort (cr994)'!H143+'El Rio De Oro (el289)'!H39+'El Rio del Oro'!H42+'Endless Summer RV Resort'!H60+'Endless Summer RV Resort (en079'!H52+Evergreen!H39+'Far Horizons'!H39+'Far Horizons (fa105)'!H39+'Floridian Sandalwood (fl356)'!H36+'Floridian Sandalwood MHC'!H40+Glenhaven!H44+'Glenhaven Estates (gl317)'!H44+'Harbor Lights (ha310)'!H45+'Harbor Lights MHC'!H43+'Harvest Gate'!H53+'Hunter Run RV Estates'!H94+'Hunters Run RV Estates (hu116)'!H207+'Jade Isle (ja068)'!H36+'Jade Isle MHC'!H38+'Kakusha Estates (ka045)'!H42+'Kakusha MHC'!H41+'Lakeside Village'!H47+'Lakeside Village (la482)'!H49+'Lakewood Village (la481)'!H108+'Lakewood Village MHC LLC'!H128+'Maple Corner'!H61+'Maple Corner (ma490)'!H51+'Marlboro Court (ma489)'!H39+'Marlboro Court MHC LLC'!H39+'May Manor'!H143+'May Manor (ma488)'!H75+'Mobiland by the Sea (mo320)'!H44+'Mobiland By The Sea MHC'!H45+'Moss Landing'!H72+'Moss Landing (mo321)'!H64+'Oak Springs'!H76+'Oak Springs MHC (oa150)'!H52+'Orange Manor East'!H41+'Orange Manor East (or125)'!H44+'Pacific Manor'!H50+'Pacific Manor (pa602)'!H52+Parkhaven!H107+Ridgecrest!H57+Riverest!H51+'Riverview MHRV LLC'!H54+Rosehaven!H119+'Sanctuary RV Resort'!H231+'Shadow Mountain MHC'!H38+Springhaven!H38+'Star Valley Ranch'!H49+Sunhaven!H45+'Sunny Grove'!H44+Tarponaire!H48+'Val Vista RV Resort'!H77+'Webster RV Resort LLC'!H64+'Wekiva Falls RV Resort'!H88+'West Jupiter RV Resort'!H45+'Western Way RV Resort LLC'!H137 | I17: ='Agave Village (ag011)'!I70+'Agave Village LLC'!I59+'Brookhaven Estates (bo260)'!I52+'Brookhaven RV Resort'!I48+'Courtly Manor'!I41+'Courtly Manor Park (co669)'!I42+'Cross Creek RV'!I137+'Cross Creek RV Resort (cr994)'!I143+'El Rio De Oro (el289)'!I39+'El Rio del Oro'!I42+'Endless Summer RV Resort'!I60+'Endless Summer RV Resort (en079'!I52+Evergreen!I39+'Far Horizons'!I39+'Far Horizons (fa105)'!I39+'Floridian Sandalwood (fl356)'!I36+'Floridian Sandalwood MHC'!I40+Glenhaven!I44+'Glenhaven Estates (gl317)'!I44+'Harbor Lights (ha310)'!I45+'Harbor Lights MHC'!I43+'Harvest Gate'!I53+'Hunter Run RV Estates'!I94+'Hunters Run RV Estates (hu116)'!I207+'Jade Isle (ja068)'!I36+'Jade Isle MHC'!I38+'Kakusha Estates (ka045)'!I42+'Kakusha MHC'!I41+'Lakeside Village'!I47+'Lakeside Village (la482)'!I49+'Lakewood Village (la481)'!I108+'Lakewood Village MHC LLC'!I128+'Maple Corner'!I61+'Maple Corner (ma490)'!I51+'Marlboro Court (ma489)'!I39+'Marlboro Court MHC LLC'!I39+'May Manor'!I143+'May Manor (ma488)'!I75+'Mobiland by the Sea (mo320)'!I44+'Mobiland By The Sea MHC'!I45+'Moss Landing'!I72+'Moss Landing (mo321)'!I64+'Oak Springs'!I76+'Oak Springs MHC (oa150)'!I52+'Orange Manor East'!I41+'Orange Manor East (or125)'!I44+'Pacific Manor'!I50+'Pacific Manor (pa602)'!I52+Parkhaven!I107+Ridgecrest!I57+Riverest!I51+'Riverview MHRV LLC'!I54+Rosehaven!I119+'Sanctuary RV Resort'!I231+'Shadow Mountain MHC'!I38+Springhaven!I38+'Star Valley Ranch'!I49+Sunhaven!I45+'Sunny Grove'!I44+Tarponaire!I48+'Val Vista RV Resort'!I77+'Webster RV Resort LLC'!I64+'Wekiva Falls RV Resort'!I88+'West Jupiter RV Resort'!I45+'Western Way RV Resort LLC'!I137 | J17: ='Agave Village (ag011)'!J70+'Agave Village LLC'!J59+'Brookhaven Estates (bo260)'!J52+'Brookhaven RV Resort'!J48+'Courtly Manor'!J41+'Courtly Manor Park (co669)'!J42+'Cross Creek RV'!J137+'Cross Creek RV Resort (cr994)'!J143+'El Rio De Oro (el289)'!J39+'El Rio del Oro'!J42+'Endless Summer RV Resort'!J60+'Endless Summer RV Resort (en079'!J52+Evergreen!J39+'Far Horizons'!J39+'Far Horizons (fa105)'!J39+'Floridian Sandalwood (fl356)'!J36+'Floridian Sandalwood MHC'!J40+Glenhaven!J44+'Glenhaven Estates (gl317)'!J44+'Harbor Lights (ha310)'!J45+'Harbor Lights MHC'!J43+'Harvest Gate'!J53+'Hunter Run RV Estates'!J94+'Hunters Run RV Estates (hu116)'!J207+'Jade Isle (ja068)'!J36+'Jade Isle MHC'!J38+'Kakusha Estates (ka045)'!J42+'Kakusha MHC'!J41+'Lakeside Village'!J47+'Lakeside Village (la482)'!J49+'Lakewood Village (la481)'!J108+'Lakewood Village MHC LLC'!J128+'Maple Corner'!J61+'Maple Corner (ma490)'!J51+'Marlboro Court (ma489)'!J39+'Marlboro Court MHC LLC'!J39+'May Manor'!J143+'May Manor (ma488)'!J75+'Mobiland by the Sea (mo320)'!J44+'Mobiland By The Sea MHC'!J45+'Moss Landing'!J72+'Moss Landing (mo321)'!J64+'Oak Springs'!J76+'Oak Springs MHC (oa150)'!J52+'Orange Manor East'!J41+'Orange Manor East (or125)'!J44+'Pacific Manor'!J50+'Pacific Manor (pa602)'!J52+Parkhaven!J107+Ridgecrest!J57+Riverest!J51+'Riverview MHRV LLC'!J54+Rosehaven!J119+'Sanctuary RV Resort'!J231+'Shadow Mountain MHC'!J38+Springhaven!J38+'Star Valley Ranch'!J49+Sunhaven!J45+'Sunny Grove'!J44+Tarponaire!J48+'Val Vista RV Resort'!J77+'Webster RV Resort LLC'!J64+'Wekiva Falls RV Resort'!J88+'West Jupiter RV Resort'!J45+'Western Way RV Resort LLC'!J137 | K17: ='Agave Village (ag011)'!K70+'Agave Village LLC'!K59+'Brookhaven Estates (bo260)'!K52+'Brookhaven RV Resort'!K48+'Courtly Manor'!K41+'Courtly Manor Park (co669)'!K42+'Cross Creek RV'!K137+'Cross Creek RV Resort (cr994)'!K143+'El Rio De Oro (el289)'!K39+'El Rio del Oro'!K42+'Endless Summer RV Resort'!K60+'Endless Summer RV Resort (en079'!K52+Evergreen!K39+'Far Horizons'!K39+'Far Horizons (fa105)'!K39+'Floridian Sandalwood (fl356)'!K36+'Floridian Sandalwood MHC'!K40+Glenhaven!K44+'Glenhaven Estates (gl317)'!K44+'Harbor Lights (ha310)'!K45+'Harbor Lights MHC'!K43+'Harvest Gate'!K53+'Hunter Run RV Estates'!K94+'Hunters Run RV Estates (hu116)'!K207+'Jade Isle (ja068)'!K36+'Jade Isle MHC'!K38+'Kakusha Estates (ka045)'!K42+'Kakusha MHC'!K41+'Lakeside Village'!K47+'Lakeside Village (la482)'!K49+'Lakewood Village (la481)'!K108+'Lakewood Village MHC LLC'!K128+'Maple Corner'!K61+'Maple Corner (ma490)'!K51+'Marlboro Court (ma489)'!K39+'Marlboro Court MHC LLC'!K39+'May Manor'!K143+'May Manor (ma488)'!K75+'Mobiland by the Sea (mo320)'!K44+'Mobiland By The Sea MHC'!K45+'Moss Landing'!K72+'Moss Landing (mo321)'!K64+'Oak Springs'!K76+'Oak Springs MHC (oa150)'!K52+'Orange Manor East'!K41+'Orange Manor East (or125)'!K44+'Pacific Manor'!K50+'Pacific Manor (pa602)'!K52+Parkhaven!K107+Ridgecrest!K57+Riverest!K51+'Riverview MHRV LLC'!K54+Rosehaven!K119+'Sanctuary RV Resort'!K231+'Shadow Mountain MHC'!K38+Springhaven!K38+'Star Valley Ranch'!K49+Sunhaven!K45+'Sunny Grove'!K44+Tarponaire!K48+'Val Vista RV Resort'!K77+'Webster RV Resort LLC'!K64+'Wekiva Falls RV Resort'!K88+'West Jupiter RV Resort'!K45+'Western Way RV Resort LLC'!K137 | L17: ='Agave Village (ag011)'!L70+'Agave Village LLC'!L59+'Brookhaven Estates (bo260)'!L52+'Brookhaven RV Resort'!L48+'Courtly Manor'!L41+'Courtly Manor Park (co669)'!L42+'Cross Creek RV'!L137+'Cross Creek RV Resort (cr994)'!L143+'El Rio De Oro (el289)'!L39+'El Rio del Oro'!L42+'Endless Summer RV Resort'!L60+'Endless Summer RV Resort (en079'!L52+Evergreen!L39+'Far Horizons'!L39+'Far Horizons (fa105)'!L39+'Floridian Sandalwood (fl356)'!L36+'Floridian Sandalwood MHC'!L40+Glenhaven!L44+'Glenhaven Estates (gl317)'!L44+'Harbor Lights (ha310)'!L45+'Harbor Lights MHC'!L43+'Harvest Gate'!L53+'Hunter Run RV Estates'!L94+'Hunters Run RV Estates (hu116)'!L207+'Jade Isle (ja068)'!L36+'Jade Isle MHC'!L38+'Kakusha Estates (ka045)'!L42+'Kakusha MHC'!L41+'Lakeside Village'!L47+'Lakeside Village (la482)'!L49+'Lakewood Village (la481)'!L108+'Lakewood Village MHC LLC'!L128+'Maple Corner'!L61+'Maple Corner (ma490)'!L51+'Marlboro Court (ma489)'!L39+'Marlboro Court MHC LLC'!L39+'May Manor'!L143+'May Manor (ma488)'!L75+'Mobiland by the Sea (mo320)'!L44+'Mobiland By The Sea MHC'!L45+'Moss Landing'!L72+'Moss Landing (mo321)'!L64+'Oak Springs'!L76+'Oak Springs MHC (oa150)'!L52+'Orange Manor East'!L41+'Orange Manor East (or125)'!L44+'Pacific Manor'!L50+'Pacific Manor (pa602)'!L52+Parkhaven!L107+Ridgecrest!L57+Riverest!L51+'Riverview MHRV LLC'!L54+Rosehaven!L119+'Sanctuary RV Resort'!L231+'Shadow Mountain MHC'!L38+Springhaven!L38+'Star Valley Ranch'!L49+Sunhaven!L45+'Sunny Grove'!L44+Tarponaire!L48+'Val Vista RV Resort'!L77+'Webster RV Resort LLC'!L64+'Wekiva Falls RV Resort'!L88+'West Jupiter RV Resort'!L45+'Western Way RV Resort LLC'!L137 | ... AJ17: ='Agave Village (ag011)'!AJ70+'Agave Village LLC'!AJ59+'Brookhaven Estates (bo260)'!AJ52+'Brookhaven RV Resort'!AJ48+'Courtly Manor'!AJ41+'Courtly Manor Park (co669)'!AJ42+'Cross Creek RV'!AJ137+'Cross Creek RV Resort (cr994)'!AJ143+'El Rio De Oro (el289)'!AJ39+'El Rio del Oro'!AJ42+'Endless Summer RV Resort'!AJ60+'Endless Summer RV Resort (en079'!AJ52+Evergreen!AJ39+'Far Horizons'!AJ39+'Far Horizons (fa105)'!AJ39+'Floridian Sandalwood (fl356)'!AJ36+'Floridian Sandalwood MHC'!AJ40+Glenhaven!AJ44+'Glenhaven Estates (gl317)'!AJ44+'Harbor Lights (ha310)'!AJ45+'Harbor Lights MHC'!AJ43+'Harvest Gate'!AJ53+'Hunter Run RV Estates'!AJ94+'Hunters Run RV Estates (hu116)'!AJ207+'Jade Isle (ja068)'!AJ36+'Jade Isle MHC'!AJ38+'Kakusha Estates (ka045)'!AJ42+'Kakusha MHC'!AJ41+'Lakeside Village'!AJ47+'Lakeside Village (la482)'!AJ49+'Lakewood Village (la481)'!AJ108+'Lakewood Village MHC LLC'!AJ128+'Maple Corner'!AJ61+'Maple Corner (ma490)'!AJ51+'Marlboro Court (ma489)'!AJ39+'Marlboro Court MHC LLC'!AJ39+'May Manor'!AJ143+'May Manor (ma488)'!AJ75+'Mobiland by the Sea (mo320)'!AJ44+'Mobiland By The Sea MHC'!AJ45+'Moss Landing'!AJ72+'Moss Landing (mo321)'!AJ64+'Oak Springs'!AJ76+'Oak Springs MHC (oa150)'!AJ52+'Orange Manor East'!AJ41+'Orange Manor East (or125)'!AJ44+'Pacific Manor'!AJ50+'Pacific Manor (pa602)'!AJ52+Parkhaven!AJ107+Ridgecrest!AJ57+Riverest!AJ51+'Riverview MHRV LLC'!AJ54+Rosehaven!AJ119+'Sanctuary RV Resort'!AJ231+'Shadow Mountain MHC'!AJ38+Springhaven!AJ38+'Star Valley Ranch'!AJ49+Sunhaven!AJ45+'Sunny Grove'!AJ44+Tarponaire!AJ48+'Val Vista RV Resort'!AJ77+'Webster RV Resort LLC'!AJ64+'Wekiva Falls RV Resort'!AJ88+'West Jupiter RV Resort'!AJ45+'Western Way RV Resort LLC'!AJ137
B18: Water | E18: ='Agave Village (ag011)'!E71+'Agave Village LLC'!E60+'Brookhaven Estates (bo260)'!E53+'Brookhaven RV Resort'!E49+'Courtly Manor'!E42+'Courtly Manor Park (co669)'!E43+'Cross Creek RV'!E138+'Cross Creek RV Resort (cr994)'!E144+'El Rio De Oro (el289)'!E40+'El Rio del Oro'!E43+'Endless Summer RV Resort'!E61+'Endless Summer RV Resort (en079'!E53+Evergreen!E40+'Far Horizons'!E40+'Far Horizons (fa105)'!E40+'Floridian Sandalwood (fl356)'!E37+'Floridian Sandalwood MHC'!E41+Glenhaven!E45+'Glenhaven Estates (gl317)'!E45+'Harbor Lights (ha310)'!E46+'Harbor Lights MHC'!E44+'Harvest Gate'!E54+'Hunter Run RV Estates'!E95+'Hunters Run RV Estates (hu116)'!E208+'Jade Isle (ja068)'!E37+'Jade Isle MHC'!E39+'Kakusha Estates (ka045)'!E43+'Kakusha MHC'!E42+'Lakeside Village'!E48+'Lakeside Village (la482)'!E50+'Lakewood Village (la481)'!E109+'Lakewood Village MHC LLC'!E129+'Maple Corner'!E62+'Maple Corner (ma490)'!E52+'Marlboro Court (ma489)'!E40+'Marlboro Court MHC LLC'!E40+'May Manor'!E144+'May Manor (ma488)'!E76+'Mobiland by the Sea (mo320)'!E45+'Mobiland By The Sea MHC'!E46+'Moss Landing'!E73+'Moss Landing (mo321)'!E65+'Oak Springs'!E77+'Oak Springs MHC (oa150)'!E53+'Orange Manor East'!E42+'Orange Manor East (or125)'!E45+'Pacific Manor'!E51+'Pacific Manor (pa602)'!E53+Parkhaven!E108+Ridgecrest!E58+Riverest!E52+'Riverview MHRV LLC'!E55+Rosehaven!E120+'Sanctuary RV Resort'!E232+'Shadow Mountain MHC'!E39+Springhaven!E39+'Star Valley Ranch'!E50+Sunhaven!E46+'Sunny Grove'!E45+Tarponaire!E49+'Val Vista RV Resort'!E78+'Webster RV Resort LLC'!E65+'Wekiva Falls RV Resort'!E89+'West Jupiter RV Resort'!E46+'Western Way RV Resort LLC'!E138 | F18: ='Agave Village (ag011)'!F71+'Agave Village LLC'!F60+'Brookhaven Estates (bo260)'!F53+'Brookhaven RV Resort'!F49+'Courtly Manor'!F42+'Courtly Manor Park (co669)'!F43+'Cross Creek RV'!F138+'Cross Creek RV Resort (cr994)'!F144+'El Rio De Oro (el289)'!F40+'El Rio del Oro'!F43+'Endless Summer RV Resort'!F61+'Endless Summer RV Resort (en079'!F53+Evergreen!F40+'Far Horizons'!F40+'Far Horizons (fa105)'!F40+'Floridian Sandalwood (fl356)'!F37+'Floridian Sandalwood MHC'!F41+Glenhaven!F45+'Glenhaven Estates (gl317)'!F45+'Harbor Lights (ha310)'!F46+'Harbor Lights MHC'!F44+'Harvest Gate'!F54+'Hunter Run RV Estates'!F95+'Hunters Run RV Estates (hu116)'!F208+'Jade Isle (ja068)'!F37+'Jade Isle MHC'!F39+'Kakusha Estates (ka045)'!F43+'Kakusha MHC'!F42+'Lakeside Village'!F48+'Lakeside Village (la482)'!F50+'Lakewood Village (la481)'!F109+'Lakewood Village MHC LLC'!F129+'Maple Corner'!F62+'Maple Corner (ma490)'!F52+'Marlboro Court (ma489)'!F40+'Marlboro Court MHC LLC'!F40+'May Manor'!F144+'May Manor (ma488)'!F76+'Mobiland by the Sea (mo320)'!F45+'Mobiland By The Sea MHC'!F46+'Moss Landing'!F73+'Moss Landing (mo321)'!F65+'Oak Springs'!F77+'Oak Springs MHC (oa150)'!F53+'Orange Manor East'!F42+'Orange Manor East (or125)'!F45+'Pacific Manor'!F51+'Pacific Manor (pa602)'!F53+Parkhaven!F108+Ridgecrest!F58+Riverest!F52+'Riverview MHRV LLC'!F55+Rosehaven!F120+'Sanctuary RV Resort'!F232+'Shadow Mountain MHC'!F39+Springhaven!F39+'Star Valley Ranch'!F50+Sunhaven!F46+'Sunny Grove'!F45+Tarponaire!F49+'Val Vista RV Resort'!F78+'Webster RV Resort LLC'!F65+'Wekiva Falls RV Resort'!F89+'West Jupiter RV Resort'!F46+'Western Way RV Resort LLC'!F138 | G18: ='Agave Village (ag011)'!G71+'Agave Village LLC'!G60+'Brookhaven Estates (bo260)'!G53+'Brookhaven RV Resort'!G49+'Courtly Manor'!G42+'Courtly Manor Park (co669)'!G43+'Cross Creek RV'!G138+'Cross Creek RV Resort (cr994)'!G144+'El Rio De Oro (el289)'!G40+'El Rio del Oro'!G43+'Endless Summer RV Resort'!G61+'Endless Summer RV Resort (en079'!G53+Evergreen!G40+'Far Horizons'!G40+'Far Horizons (fa105)'!G40+'Floridian Sandalwood (fl356)'!G37+'Floridian Sandalwood MHC'!G41+Glenhaven!G45+'Glenhaven Estates (gl317)'!G45+'Harbor Lights (ha310)'!G46+'Harbor Lights MHC'!G44+'Harvest Gate'!G54+'Hunter Run RV Estates'!G95+'Hunters Run RV Estates (hu116)'!G208+'Jade Isle (ja068)'!G37+'Jade Isle MHC'!G39+'Kakusha Estates (ka045)'!G43+'Kakusha MHC'!G42+'Lakeside Village'!G48+'Lakeside Village (la482)'!G50+'Lakewood Village (la481)'!G109+'Lakewood Village MHC LLC'!G129+'Maple Corner'!G62+'Maple Corner (ma490)'!G52+'Marlboro Court (ma489)'!G40+'Marlboro Court MHC LLC'!G40+'May Manor'!G144+'May Manor (ma488)'!G76+'Mobiland by the Sea (mo320)'!G45+'Mobiland By The Sea MHC'!G46+'Moss Landing'!G73+'Moss Landing (mo321)'!G65+'Oak Springs'!G77+'Oak Springs MHC (oa150)'!G53+'Orange Manor East'!G42+'Orange Manor East (or125)'!G45+'Pacific Manor'!G51+'Pacific Manor (pa602)'!G53+Parkhaven!G108+Ridgecrest!G58+Riverest!G52+'Riverview MHRV LLC'!G55+Rosehaven!G120+'Sanctuary RV Resort'!G232+'Shadow Mountain MHC'!G39+Springhaven!G39+'Star Valley Ranch'!G50+Sunhaven!G46+'Sunny Grove'!G45+Tarponaire!G49+'Val Vista RV Resort'!G78+'Webster RV Resort LLC'!G65+'Wekiva Falls RV Resort'!G89+'West Jupiter RV Resort'!G46+'Western Way RV Resort LLC'!G138 | H18: ='Agave Village (ag011)'!H71+'Agave Village LLC'!H60+'Brookhaven Estates (bo260)'!H53+'Brookhaven RV Resort'!H49+'Courtly Manor'!H42+'Courtly Manor Park (co669)'!H43+'Cross Creek RV'!H138+'Cross Creek RV Resort (cr994)'!H144+'El Rio De Oro (el289)'!H40+'El Rio del Oro'!H43+'Endless Summer RV Resort'!H61+'Endless Summer RV Resort (en079'!H53+Evergreen!H40+'Far Horizons'!H40+'Far Horizons (fa105)'!H40+'Floridian Sandalwood (fl356)'!H37+'Floridian Sandalwood MHC'!H41+Glenhaven!H45+'Glenhaven Estates (gl317)'!H45+'Harbor Lights (ha310)'!H46+'Harbor Lights MHC'!H44+'Harvest Gate'!H54+'Hunter Run RV Estates'!H95+'Hunters Run RV Estates (hu116)'!H208+'Jade Isle (ja068)'!H37+'Jade Isle MHC'!H39+'Kakusha Estates (ka045)'!H43+'Kakusha MHC'!H42+'Lakeside Village'!H48+'Lakeside Village (la482)'!H50+'Lakewood Village (la481)'!H109+'Lakewood Village MHC LLC'!H129+'Maple Corner'!H62+'Maple Corner (ma490)'!H52+'Marlboro Court (ma489)'!H40+'Marlboro Court MHC LLC'!H40+'May Manor'!H144+'May Manor (ma488)'!H76+'Mobiland by the Sea (mo320)'!H45+'Mobiland By The Sea MHC'!H46+'Moss Landing'!H73+'Moss Landing (mo321)'!H65+'Oak Springs'!H77+'Oak Springs MHC (oa150)'!H53+'Orange Manor East'!H42+'Orange Manor East (or125)'!H45+'Pacific Manor'!H51+'Pacific Manor (pa602)'!H53+Parkhaven!H108+Ridgecrest!H58+Riverest!H52+'Riverview MHRV LLC'!H55+Rosehaven!H120+'Sanctuary RV Resort'!H232+'Shadow Mountain MHC'!H39+Springhaven!H39+'Star Valley Ranch'!H50+Sunhaven!H46+'Sunny Grove'!H45+Tarponaire!H49+'Val Vista RV Resort'!H78+'Webster RV Resort LLC'!H65+'Wekiva Falls RV Resort'!H89+'West Jupiter RV Resort'!H46+'Western Way RV Resort LLC'!H138 | I18: ='Agave Village (ag011)'!I71+'Agave Village LLC'!I60+'Brookhaven Estates (bo260)'!I53+'Brookhaven RV Resort'!I49+'Courtly Manor'!I42+'Courtly Manor Park (co669)'!I43+'Cross Creek RV'!I138+'Cross Creek RV Resort (cr994)'!I144+'El Rio De Oro (el289)'!I40+'El Rio del Oro'!I43+'Endless Summer RV Resort'!I61+'Endless Summer RV Resort (en079'!I53+Evergreen!I40+'Far Horizons'!I40+'Far Horizons (fa105)'!I40+'Floridian Sandalwood (fl356)'!I37+'Floridian Sandalwood MHC'!I41+Glenhaven!I45+'Glenhaven Estates (gl317)'!I45+'Harbor Lights (ha310)'!I46+'Harbor Lights MHC'!I44+'Harvest Gate'!I54+'Hunter Run RV Estates'!I95+'Hunters Run RV Estates (hu116)'!I208+'Jade Isle (ja068)'!I37+'Jade Isle MHC'!I39+'Kakusha Estates (ka045)'!I43+'Kakusha MHC'!I42+'Lakeside Village'!I48+'Lakeside Village (la482)'!I50+'Lakewood Village (la481)'!I109+'Lakewood Village MHC LLC'!I129+'Maple Corner'!I62+'Maple Corner (ma490)'!I52+'Marlboro Court (ma489)'!I40+'Marlboro Court MHC LLC'!I40+'May Manor'!I144+'May Manor (ma488)'!I76+'Mobiland by the Sea (mo320)'!I45+'Mobiland By The Sea MHC'!I46+'Moss Landing'!I73+'Moss Landing (mo321)'!I65+'Oak Springs'!I77+'Oak Springs MHC (oa150)'!I53+'Orange Manor East'!I42+'Orange Manor East (or125)'!I45+'Pacific Manor'!I51+'Pacific Manor (pa602)'!I53+Parkhaven!I108+Ridgecrest!I58+Riverest!I52+'Riverview MHRV LLC'!I55+Rosehaven!I120+'Sanctuary RV Resort'!I232+'Shadow Mountain MHC'!I39+Springhaven!I39+'Star Valley Ranch'!I50+Sunhaven!I46+'Sunny Grove'!I45+Tarponaire!I49+'Val Vista RV Resort'!I78+'Webster RV Resort LLC'!I65+'Wekiva Falls RV Resort'!I89+'West Jupiter RV Resort'!I46+'Western Way RV Resort LLC'!I138 | J18: ='Agave Village (ag011)'!J71+'Agave Village LLC'!J60+'Brookhaven Estates (bo260)'!J53+'Brookhaven RV Resort'!J49+'Courtly Manor'!J42+'Courtly Manor Park (co669)'!J43+'Cross Creek RV'!J138+'Cross Creek RV Resort (cr994)'!J144+'El Rio De Oro (el289)'!J40+'El Rio del Oro'!J43+'Endless Summer RV Resort'!J61+'Endless Summer RV Resort (en079'!J53+Evergreen!J40+'Far Horizons'!J40+'Far Horizons (fa105)'!J40+'Floridian Sandalwood (fl356)'!J37+'Floridian Sandalwood MHC'!J41+Glenhaven!J45+'Glenhaven Estates (gl317)'!J45+'Harbor Lights (ha310)'!J46+'Harbor Lights MHC'!J44+'Harvest Gate'!J54+'Hunter Run RV Estates'!J95+'Hunters Run RV Estates (hu116)'!J208+'Jade Isle (ja068)'!J37+'Jade Isle MHC'!J39+'Kakusha Estates (ka045)'!J43+'Kakusha MHC'!J42+'Lakeside Village'!J48+'Lakeside Village (la482)'!J50+'Lakewood Village (la481)'!J109+'Lakewood Village MHC LLC'!J129+'Maple Corner'!J62+'Maple Corner (ma490)'!J52+'Marlboro Court (ma489)'!J40+'Marlboro Court MHC LLC'!J40+'May Manor'!J144+'May Manor (ma488)'!J76+'Mobiland by the Sea (mo320)'!J45+'Mobiland By The Sea MHC'!J46+'Moss Landing'!J73+'Moss Landing (mo321)'!J65+'Oak Springs'!J77+'Oak Springs MHC (oa150)'!J53+'Orange Manor East'!J42+'Orange Manor East (or125)'!J45+'Pacific Manor'!J51+'Pacific Manor (pa602)'!J53+Parkhaven!J108+Ridgecrest!J58+Riverest!J52+'Riverview MHRV LLC'!J55+Rosehaven!J120+'Sanctuary RV Resort'!J232+'Shadow Mountain MHC'!J39+Springhaven!J39+'Star Valley Ranch'!J50+Sunhaven!J46+'Sunny Grove'!J45+Tarponaire!J49+'Val Vista RV Resort'!J78+'Webster RV Resort LLC'!J65+'Wekiva Falls RV Resort'!J89+'West Jupiter RV Resort'!J46+'Western Way RV Resort LLC'!J138 | K18: ='Agave Village (ag011)'!K71+'Agave Village LLC'!K60+'Brookhaven Estates (bo260)'!K53+'Brookhaven RV Resort'!K49+'Courtly Manor'!K42+'Courtly Manor Park (co669)'!K43+'Cross Creek RV'!K138+'Cross Creek RV Resort (cr994)'!K144+'El Rio De Oro (el289)'!K40+'El Rio del Oro'!K43+'Endless Summer RV Resort'!K61+'Endless Summer RV Resort (en079'!K53+Evergreen!K40+'Far Horizons'!K40+'Far Horizons (fa105)'!K40+'Floridian Sandalwood (fl356)'!K37+'Floridian Sandalwood MHC'!K41+Glenhaven!K45+'Glenhaven Estates (gl317)'!K45+'Harbor Lights (ha310)'!K46+'Harbor Lights MHC'!K44+'Harvest Gate'!K54+'Hunter Run RV Estates'!K95+'Hunters Run RV Estates (hu116)'!K208+'Jade Isle (ja068)'!K37+'Jade Isle MHC'!K39+'Kakusha Estates (ka045)'!K43+'Kakusha MHC'!K42+'Lakeside Village'!K48+'Lakeside Village (la482)'!K50+'Lakewood Village (la481)'!K109+'Lakewood Village MHC LLC'!K129+'Maple Corner'!K62+'Maple Corner (ma490)'!K52+'Marlboro Court (ma489)'!K40+'Marlboro Court MHC LLC'!K40+'May Manor'!K144+'May Manor (ma488)'!K76+'Mobiland by the Sea (mo320)'!K45+'Mobiland By The Sea MHC'!K46+'Moss Landing'!K73+'Moss Landing (mo321)'!K65+'Oak Springs'!K77+'Oak Springs MHC (oa150)'!K53+'Orange Manor East'!K42+'Orange Manor East (or125)'!K45+'Pacific Manor'!K51+'Pacific Manor (pa602)'!K53+Parkhaven!K108+Ridgecrest!K58+Riverest!K52+'Riverview MHRV LLC'!K55+Rosehaven!K120+'Sanctuary RV Resort'!K232+'Shadow Mountain MHC'!K39+Springhaven!K39+'Star Valley Ranch'!K50+Sunhaven!K46+'Sunny Grove'!K45+Tarponaire!K49+'Val Vista RV Resort'!K78+'Webster RV Resort LLC'!K65+'Wekiva Falls RV Resort'!K89+'West Jupiter RV Resort'!K46+'Western Way RV Resort LLC'!K138 | L18: ='Agave Village (ag011)'!L71+'Agave Village LLC'!L60+'Brookhaven Estates (bo260)'!L53+'Brookhaven RV Resort'!L49+'Courtly Manor'!L42+'Courtly Manor Park (co669)'!L43+'Cross Creek RV'!L138+'Cross Creek RV Resort (cr994)'!L144+'El Rio De Oro (el289)'!L40+'El Rio del Oro'!L43+'Endless Summer RV Resort'!L61+'Endless Summer RV Resort (en079'!L53+Evergreen!L40+'Far Horizons'!L40+'Far Horizons (fa105)'!L40+'Floridian Sandalwood (fl356)'!L37+'Floridian Sandalwood MHC'!L41+Glenhaven!L45+'Glenhaven Estates (gl317)'!L45+'Harbor Lights (ha310)'!L46+'Harbor Lights MHC'!L44+'Harvest Gate'!L54+'Hunter Run RV Estates'!L95+'Hunters Run RV Estates (hu116)'!L208+'Jade Isle (ja068)'!L37+'Jade Isle MHC'!L39+'Kakusha Estates (ka045)'!L43+'Kakusha MHC'!L42+'Lakeside Village'!L48+'Lakeside Village (la482)'!L50+'Lakewood Village (la481)'!L109+'Lakewood Village MHC LLC'!L129+'Maple Corner'!L62+'Maple Corner (ma490)'!L52+'Marlboro Court (ma489)'!L40+'Marlboro Court MHC LLC'!L40+'May Manor'!L144+'May Manor (ma488)'!L76+'Mobiland by the Sea (mo320)'!L45+'Mobiland By The Sea MHC'!L46+'Moss Landing'!L73+'Moss Landing (mo321)'!L65+'Oak Springs'!L77+'Oak Springs MHC (oa150)'!L53+'Orange Manor East'!L42+'Orange Manor East (or125)'!L45+'Pacific Manor'!L51+'Pacific Manor (pa602)'!L53+Parkhaven!L108+Ridgecrest!L58+Riverest!L52+'Riverview MHRV LLC'!L55+Rosehaven!L120+'Sanctuary RV Resort'!L232+'Shadow Mountain MHC'!L39+Springhaven!L39+'Star Valley Ranch'!L50+Sunhaven!L46+'Sunny Grove'!L45+Tarponaire!L49+'Val Vista RV Resort'!L78+'Webster RV Resort LLC'!L65+'Wekiva Falls RV Resort'!L89+'West Jupiter RV Resort'!L46+'Western Way RV Resort LLC'!L138 | ... AJ18: ='Agave Village (ag011)'!AJ71+'Agave Village LLC'!AJ60+'Brookhaven Estates (bo260)'!AJ53+'Brookhaven RV Resort'!AJ49+'Courtly Manor'!AJ42+'Courtly Manor Park (co669)'!AJ43+'Cross Creek RV'!AJ138+'Cross Creek RV Resort (cr994)'!AJ144+'El Rio De Oro (el289)'!AJ40+'El Rio del Oro'!AJ43+'Endless Summer RV Resort'!AJ61+'Endless Summer RV Resort (en079'!AJ53+Evergreen!AJ40+'Far Horizons'!AJ40+'Far Horizons (fa105)'!AJ40+'Floridian Sandalwood (fl356)'!AJ37+'Floridian Sandalwood MHC'!AJ41+Glenhaven!AJ45+'Glenhaven Estates (gl317)'!AJ45+'Harbor Lights (ha310)'!AJ46+'Harbor Lights MHC'!AJ44+'Harvest Gate'!AJ54+'Hunter Run RV Estates'!AJ95+'Hunters Run RV Estates (hu116)'!AJ208+'Jade Isle (ja068)'!AJ37+'Jade Isle MHC'!AJ39+'Kakusha Estates (ka045)'!AJ43+'Kakusha MHC'!AJ42+'Lakeside Village'!AJ48+'Lakeside Village (la482)'!AJ50+'Lakewood Village (la481)'!AJ109+'Lakewood Village MHC LLC'!AJ129+'Maple Corner'!AJ62+'Maple Corner (ma490)'!AJ52+'Marlboro Court (ma489)'!AJ40+'Marlboro Court MHC LLC'!AJ40+'May Manor'!AJ144+'May Manor (ma488)'!AJ76+'Mobiland by the Sea (mo320)'!AJ45+'Mobiland By The Sea MHC'!AJ46+'Moss Landing'!AJ73+'Moss Landing (mo321)'!AJ65+'Oak Springs'!AJ77+'Oak Springs MHC (oa150)'!AJ53+'Orange Manor East'!AJ42+'Orange Manor East (or125)'!AJ45+'Pacific Manor'!AJ51+'Pacific Manor (pa602)'!AJ53+Parkhaven!AJ108+Ridgecrest!AJ58+Riverest!AJ52+'Riverview MHRV LLC'!AJ55+Rosehaven!AJ120+'Sanctuary RV Resort'!AJ232+'Shadow Mountain MHC'!AJ39+Springhaven!AJ39+'Star Valley Ranch'!AJ50+Sunhaven!AJ46+'Sunny Grove'!AJ45+Tarponaire!AJ49+'Val Vista RV Resort'!AJ78+'Webster RV Resort LLC'!AJ65+'Wekiva Falls RV Resort'!AJ89+'West Jupiter RV Resort'!AJ46+'Western Way RV Resort LLC'!AJ138
B19: Trash | E19: ='Agave Village (ag011)'!E72+'Agave Village LLC'!E61+'Brookhaven Estates (bo260)'!E54+'Brookhaven RV Resort'!E50+'Courtly Manor'!E43+'Courtly Manor Park (co669)'!E44+'Cross Creek RV'!E139+'Cross Creek RV Resort (cr994)'!E145+'El Rio De Oro (el289)'!E41+'El Rio del Oro'!E44+'Endless Summer RV Resort'!E62+'Endless Summer RV Resort (en079'!E54+Evergreen!E41+'Far Horizons'!E41+'Far Horizons (fa105)'!E41+'Floridian Sandalwood (fl356)'!E38+'Floridian Sandalwood MHC'!E42+Glenhaven!E46+'Glenhaven Estates (gl317)'!E46+'Harbor Lights (ha310)'!E47+'Harbor Lights MHC'!E45+'Harvest Gate'!E55+'Hunter Run RV Estates'!E96+'Hunters Run RV Estates (hu116)'!E209+'Jade Isle (ja068)'!E38+'Jade Isle MHC'!E40+'Kakusha Estates (ka045)'!E44+'Kakusha MHC'!E43+'Lakeside Village'!E49+'Lakeside Village (la482)'!E51+'Lakewood Village (la481)'!E110+'Lakewood Village MHC LLC'!E130+'Maple Corner'!E63+'Maple Corner (ma490)'!E53+'Marlboro Court (ma489)'!E41+'Marlboro Court MHC LLC'!E41+'May Manor'!E145+'May Manor (ma488)'!E77+'Mobiland by the Sea (mo320)'!E46+'Mobiland By The Sea MHC'!E47+'Moss Landing'!E74+'Moss Landing (mo321)'!E66+'Oak Springs'!E78+'Oak Springs MHC (oa150)'!E54+'Orange Manor East'!E43+'Orange Manor East (or125)'!E46+'Pacific Manor'!E52+'Pacific Manor (pa602)'!E54+Parkhaven!E109+Ridgecrest!E59+Riverest!E53+'Riverview MHRV LLC'!E56+Rosehaven!E121+'Sanctuary RV Resort'!E233+'Shadow Mountain MHC'!E40+Springhaven!E40+'Star Valley Ranch'!E51+Sunhaven!E47+'Sunny Grove'!E46+Tarponaire!E50+'Val Vista RV Resort'!E79+'Webster RV Resort LLC'!E66+'Wekiva Falls RV Resort'!E90+'West Jupiter RV Resort'!E47+'Western Way RV Resort LLC'!E139 | F19: ='Agave Village (ag011)'!F72+'Agave Village LLC'!F61+'Brookhaven Estates (bo260)'!F54+'Brookhaven RV Resort'!F50+'Courtly Manor'!F43+'Courtly Manor Park (co669)'!F44+'Cross Creek RV'!F139+'Cross Creek RV Resort (cr994)'!F145+'El Rio De Oro (el289)'!F41+'El Rio del Oro'!F44+'Endless Summer RV Resort'!F62+'Endless Summer RV Resort (en079'!F54+Evergreen!F41+'Far Horizons'!F41+'Far Horizons (fa105)'!F41+'Floridian Sandalwood (fl356)'!F38+'Floridian Sandalwood MHC'!F42+Glenhaven!F46+'Glenhaven Estates (gl317)'!F46+'Harbor Lights (ha310)'!F47+'Harbor Lights MHC'!F45+'Harvest Gate'!F55+'Hunter Run RV Estates'!F96+'Hunters Run RV Estates (hu116)'!F209+'Jade Isle (ja068)'!F38+'Jade Isle MHC'!F40+'Kakusha Estates (ka045)'!F44+'Kakusha MHC'!F43+'Lakeside Village'!F49+'Lakeside Village (la482)'!F51+'Lakewood Village (la481)'!F110+'Lakewood Village MHC LLC'!F130+'Maple Corner'!F63+'Maple Corner (ma490)'!F53+'Marlboro Court (ma489)'!F41+'Marlboro Court MHC LLC'!F41+'May Manor'!F145+'May Manor (ma488)'!F77+'Mobiland by the Sea (mo320)'!F46+'Mobiland By The Sea MHC'!F47+'Moss Landing'!F74+'Moss Landing (mo321)'!F66+'Oak Springs'!F78+'Oak Springs MHC (oa150)'!F54+'Orange Manor East'!F43+'Orange Manor East (or125)'!F46+'Pacific Manor'!F52+'Pacific Manor (pa602)'!F54+Parkhaven!F109+Ridgecrest!F59+Riverest!F53+'Riverview MHRV LLC'!F56+Rosehaven!F121+'Sanctuary RV Resort'!F233+'Shadow Mountain MHC'!F40+Springhaven!F40+'Star Valley Ranch'!F51+Sunhaven!F47+'Sunny Grove'!F46+Tarponaire!F50+'Val Vista RV Resort'!F79+'Webster RV Resort LLC'!F66+'Wekiva Falls RV Resort'!F90+'West Jupiter RV Resort'!F47+'Western Way RV Resort LLC'!F139 | G19: ='Agave Village (ag011)'!G72+'Agave Village LLC'!G61+'Brookhaven Estates (bo260)'!G54+'Brookhaven RV Resort'!G50+'Courtly Manor'!G43+'Courtly Manor Park (co669)'!G44+'Cross Creek RV'!G139+'Cross Creek RV Resort (cr994)'!G145+'El Rio De Oro (el289)'!G41+'El Rio del Oro'!G44+'Endless Summer RV Resort'!G62+'Endless Summer RV Resort (en079'!G54+Evergreen!G41+'Far Horizons'!G41+'Far Horizons (fa105)'!G41+'Floridian Sandalwood (fl356)'!G38+'Floridian Sandalwood MHC'!G42+Glenhaven!G46+'Glenhaven Estates (gl317)'!G46+'Harbor Lights (ha310)'!G47+'Harbor Lights MHC'!G45+'Harvest Gate'!G55+'Hunter Run RV Estates'!G96+'Hunters Run RV Estates (hu116)'!G209+'Jade Isle (ja068)'!G38+'Jade Isle MHC'!G40+'Kakusha Estates (ka045)'!G44+'Kakusha MHC'!G43+'Lakeside Village'!G49+'Lakeside Village (la482)'!G51+'Lakewood Village (la481)'!G110+'Lakewood Village MHC LLC'!G130+'Maple Corner'!G63+'Maple Corner (ma490)'!G53+'Marlboro Court (ma489)'!G41+'Marlboro Court MHC LLC'!G41+'May Manor'!G145+'May Manor (ma488)'!G77+'Mobiland by the Sea (mo320)'!G46+'Mobiland By The Sea MHC'!G47+'Moss Landing'!G74+'Moss Landing (mo321)'!G66+'Oak Springs'!G78+'Oak Springs MHC (oa150)'!G54+'Orange Manor East'!G43+'Orange Manor East (or125)'!G46+'Pacific Manor'!G52+'Pacific Manor (pa602)'!G54+Parkhaven!G109+Ridgecrest!G59+Riverest!G53+'Riverview MHRV LLC'!G56+Rosehaven!G121+'Sanctuary RV Resort'!G233+'Shadow Mountain MHC'!G40+Springhaven!G40+'Star Valley Ranch'!G51+Sunhaven!G47+'Sunny Grove'!G46+Tarponaire!G50+'Val Vista RV Resort'!G79+'Webster RV Resort LLC'!G66+'Wekiva Falls RV Resort'!G90+'West Jupiter RV Resort'!G47+'Western Way RV Resort LLC'!G139 | H19: ='Agave Village (ag011)'!H72+'Agave Village LLC'!H61+'Brookhaven Estates (bo260)'!H54+'Brookhaven RV Resort'!H50+'Courtly Manor'!H43+'Courtly Manor Park (co669)'!H44+'Cross Creek RV'!H139+'Cross Creek RV Resort (cr994)'!H145+'El Rio De Oro (el289)'!H41+'El Rio del Oro'!H44+'Endless Summer RV Resort'!H62+'Endless Summer RV Resort (en079'!H54+Evergreen!H41+'Far Horizons'!H41+'Far Horizons (fa105)'!H41+'Floridian Sandalwood (fl356)'!H38+'Floridian Sandalwood MHC'!H42+Glenhaven!H46+'Glenhaven Estates (gl317)'!H46+'Harbor Lights (ha310)'!H47+'Harbor Lights MHC'!H45+'Harvest Gate'!H55+'Hunter Run RV Estates'!H96+'Hunters Run RV Estates (hu116)'!H209+'Jade Isle (ja068)'!H38+'Jade Isle MHC'!H40+'Kakusha Estates (ka045)'!H44+'Kakusha MHC'!H43+'Lakeside Village'!H49+'Lakeside Village (la482)'!H51+'Lakewood Village (la481)'!H110+'Lakewood Village MHC LLC'!H130+'Maple Corner'!H63+'Maple Corner (ma490)'!H53+'Marlboro Court (ma489)'!H41+'Marlboro Court MHC LLC'!H41+'May Manor'!H145+'May Manor (ma488)'!H77+'Mobiland by the Sea (mo320)'!H46+'Mobiland By The Sea MHC'!H47+'Moss Landing'!H74+'Moss Landing (mo321)'!H66+'Oak Springs'!H78+'Oak Springs MHC (oa150)'!H54+'Orange Manor East'!H43+'Orange Manor East (or125)'!H46+'Pacific Manor'!H52+'Pacific Manor (pa602)'!H54+Parkhaven!H109+Ridgecrest!H59+Riverest!H53+'Riverview MHRV LLC'!H56+Rosehaven!H121+'Sanctuary RV Resort'!H233+'Shadow Mountain MHC'!H40+Springhaven!H40+'Star Valley Ranch'!H51+Sunhaven!H47+'Sunny Grove'!H46+Tarponaire!H50+'Val Vista RV Resort'!H79+'Webster RV Resort LLC'!H66+'Wekiva Falls RV Resort'!H90+'West Jupiter RV Resort'!H47+'Western Way RV Resort LLC'!H139 | I19: ='Agave Village (ag011)'!I72+'Agave Village LLC'!I61+'Brookhaven Estates (bo260)'!I54+'Brookhaven RV Resort'!I50+'Courtly Manor'!I43+'Courtly Manor Park (co669)'!I44+'Cross Creek RV'!I139+'Cross Creek RV Resort (cr994)'!I145+'El Rio De Oro (el289)'!I41+'El Rio del Oro'!I44+'Endless Summer RV Resort'!I62+'Endless Summer RV Resort (en079'!I54+Evergreen!I41+'Far Horizons'!I41+'Far Horizons (fa105)'!I41+'Floridian Sandalwood (fl356)'!I38+'Floridian Sandalwood MHC'!I42+Glenhaven!I46+'Glenhaven Estates (gl317)'!I46+'Harbor Lights (ha310)'!I47+'Harbor Lights MHC'!I45+'Harvest Gate'!I55+'Hunter Run RV Estates'!I96+'Hunters Run RV Estates (hu116)'!I209+'Jade Isle (ja068)'!I38+'Jade Isle MHC'!I40+'Kakusha Estates (ka045)'!I44+'Kakusha MHC'!I43+'Lakeside Village'!I49+'Lakeside Village (la482)'!I51+'Lakewood Village (la481)'!I110+'Lakewood Village MHC LLC'!I130+'Maple Corner'!I63+'Maple Corner (ma490)'!I53+'Marlboro Court (ma489)'!I41+'Marlboro Court MHC LLC'!I41+'May Manor'!I145+'May Manor (ma488)'!I77+'Mobiland by the Sea (mo320)'!I46+'Mobiland By The Sea MHC'!I47+'Moss Landing'!I74+'Moss Landing (mo321)'!I66+'Oak Springs'!I78+'Oak Springs MHC (oa150)'!I54+'Orange Manor East'!I43+'Orange Manor East (or125)'!I46+'Pacific Manor'!I52+'Pacific Manor (pa602)'!I54+Parkhaven!I109+Ridgecrest!I59+Riverest!I53+'Riverview MHRV LLC'!I56+Rosehaven!I121+'Sanctuary RV Resort'!I233+'Shadow Mountain MHC'!I40+Springhaven!I40+'Star Valley Ranch'!I51+Sunhaven!I47+'Sunny Grove'!I46+Tarponaire!I50+'Val Vista RV Resort'!I79+'Webster RV Resort LLC'!I66+'Wekiva Falls RV Resort'!I90+'West Jupiter RV Resort'!I47+'Western Way RV Resort LLC'!I139 | J19: ='Agave Village (ag011)'!J72+'Agave Village LLC'!J61+'Brookhaven Estates (bo260)'!J54+'Brookhaven RV Resort'!J50+'Courtly Manor'!J43+'Courtly Manor Park (co669)'!J44+'Cross Creek RV'!J139+'Cross Creek RV Resort (cr994)'!J145+'El Rio De Oro (el289)'!J41+'El Rio del Oro'!J44+'Endless Summer RV Resort'!J62+'Endless Summer RV Resort (en079'!J54+Evergreen!J41+'Far Horizons'!J41+'Far Horizons (fa105)'!J41+'Floridian Sandalwood (fl356)'!J38+'Floridian Sandalwood MHC'!J42+Glenhaven!J46+'Glenhaven Estates (gl317)'!J46+'Harbor Lights (ha310)'!J47+'Harbor Lights MHC'!J45+'Harvest Gate'!J55+'Hunter Run RV Estates'!J96+'Hunters Run RV Estates (hu116)'!J209+'Jade Isle (ja068)'!J38+'Jade Isle MHC'!J40+'Kakusha Estates (ka045)'!J44+'Kakusha MHC'!J43+'Lakeside Village'!J49+'Lakeside Village (la482)'!J51+'Lakewood Village (la481)'!J110+'Lakewood Village MHC LLC'!J130+'Maple Corner'!J63+'Maple Corner (ma490)'!J53+'Marlboro Court (ma489)'!J41+'Marlboro Court MHC LLC'!J41+'May Manor'!J145+'May Manor (ma488)'!J77+'Mobiland by the Sea (mo320)'!J46+'Mobiland By The Sea MHC'!J47+'Moss Landing'!J74+'Moss Landing (mo321)'!J66+'Oak Springs'!J78+'Oak Springs MHC (oa150)'!J54+'Orange Manor East'!J43+'Orange Manor East (or125)'!J46+'Pacific Manor'!J52+'Pacific Manor (pa602)'!J54+Parkhaven!J109+Ridgecrest!J59+Riverest!J53+'Riverview MHRV LLC'!J56+Rosehaven!J121+'Sanctuary RV Resort'!J233+'Shadow Mountain MHC'!J40+Springhaven!J40+'Star Valley Ranch'!J51+Sunhaven!J47+'Sunny Grove'!J46+Tarponaire!J50+'Val Vista RV Resort'!J79+'Webster RV Resort LLC'!J66+'Wekiva Falls RV Resort'!J90+'West Jupiter RV Resort'!J47+'Western Way RV Resort LLC'!J139 | K19: ='Agave Village (ag011)'!K72+'Agave Village LLC'!K61+'Brookhaven Estates (bo260)'!K54+'Brookhaven RV Resort'!K50+'Courtly Manor'!K43+'Courtly Manor Park (co669)'!K44+'Cross Creek RV'!K139+'Cross Creek RV Resort (cr994)'!K145+'El Rio De Oro (el289)'!K41+'El Rio del Oro'!K44+'Endless Summer RV Resort'!K62+'Endless Summer RV Resort (en079'!K54+Evergreen!K41+'Far Horizons'!K41+'Far Horizons (fa105)'!K41+'Floridian Sandalwood (fl356)'!K38+'Floridian Sandalwood MHC'!K42+Glenhaven!K46+'Glenhaven Estates (gl317)'!K46+'Harbor Lights (ha310)'!K47+'Harbor Lights MHC'!K45+'Harvest Gate'!K55+'Hunter Run RV Estates'!K96+'Hunters Run RV Estates (hu116)'!K209+'Jade Isle (ja068)'!K38+'Jade Isle MHC'!K40+'Kakusha Estates (ka045)'!K44+'Kakusha MHC'!K43+'Lakeside Village'!K49+'Lakeside Village (la482)'!K51+'Lakewood Village (la481)'!K110+'Lakewood Village MHC LLC'!K130+'Maple Corner'!K63+'Maple Corner (ma490)'!K53+'Marlboro Court (ma489)'!K41+'Marlboro Court MHC LLC'!K41+'May Manor'!K145+'May Manor (ma488)'!K77+'Mobiland by the Sea (mo320)'!K46+'Mobiland By The Sea MHC'!K47+'Moss Landing'!K74+'Moss Landing (mo321)'!K66+'Oak Springs'!K78+'Oak Springs MHC (oa150)'!K54+'Orange Manor East'!K43+'Orange Manor East (or125)'!K46+'Pacific Manor'!K52+'Pacific Manor (pa602)'!K54+Parkhaven!K109+Ridgecrest!K59+Riverest!K53+'Riverview MHRV LLC'!K56+Rosehaven!K121+'Sanctuary RV Resort'!K233+'Shadow Mountain MHC'!K40+Springhaven!K40+'Star Valley Ranch'!K51+Sunhaven!K47+'Sunny Grove'!K46+Tarponaire!K50+'Val Vista RV Resort'!K79+'Webster RV Resort LLC'!K66+'Wekiva Falls RV Resort'!K90+'West Jupiter RV Resort'!K47+'Western Way RV Resort LLC'!K139 | L19: ='Agave Village (ag011)'!L72+'Agave Village LLC'!L61+'Brookhaven Estates (bo260)'!L54+'Brookhaven RV Resort'!L50+'Courtly Manor'!L43+'Courtly Manor Park (co669)'!L44+'Cross Creek RV'!L139+'Cross Creek RV Resort (cr994)'!L145+'El Rio De Oro (el289)'!L41+'El Rio del Oro'!L44+'Endless Summer RV Resort'!L62+'Endless Summer RV Resort (en079'!L54+Evergreen!L41+'Far Horizons'!L41+'Far Horizons (fa105)'!L41+'Floridian Sandalwood (fl356)'!L38+'Floridian Sandalwood MHC'!L42+Glenhaven!L46+'Glenhaven Estates (gl317)'!L46+'Harbor Lights (ha310)'!L47+'Harbor Lights MHC'!L45+'Harvest Gate'!L55+'Hunter Run RV Estates'!L96+'Hunters Run RV Estates (hu116)'!L209+'Jade Isle (ja068)'!L38+'Jade Isle MHC'!L40+'Kakusha Estates (ka045)'!L44+'Kakusha MHC'!L43+'Lakeside Village'!L49+'Lakeside Village (la482)'!L51+'Lakewood Village (la481)'!L110+'Lakewood Village MHC LLC'!L130+'Maple Corner'!L63+'Maple Corner (ma490)'!L53+'Marlboro Court (ma489)'!L41+'Marlboro Court MHC LLC'!L41+'May Manor'!L145+'May Manor (ma488)'!L77+'Mobiland by the Sea (mo320)'!L46+'Mobiland By The Sea MHC'!L47+'Moss Landing'!L74+'Moss Landing (mo321)'!L66+'Oak Springs'!L78+'Oak Springs MHC (oa150)'!L54+'Orange Manor East'!L43+'Orange Manor East (or125)'!L46+'Pacific Manor'!L52+'Pacific Manor (pa602)'!L54+Parkhaven!L109+Ridgecrest!L59+Riverest!L53+'Riverview MHRV LLC'!L56+Rosehaven!L121+'Sanctuary RV Resort'!L233+'Shadow Mountain MHC'!L40+Springhaven!L40+'Star Valley Ranch'!L51+Sunhaven!L47+'Sunny Grove'!L46+Tarponaire!L50+'Val Vista RV Resort'!L79+'Webster RV Resort LLC'!L66+'Wekiva Falls RV Resort'!L90+'West Jupiter RV Resort'!L47+'Western Way RV Resort LLC'!L139 | ... AJ19: ='Agave Village (ag011)'!AJ72+'Agave Village LLC'!AJ61+'Brookhaven Estates (bo260)'!AJ54+'Brookhaven RV Resort'!AJ50+'Courtly Manor'!AJ43+'Courtly Manor Park (co669)'!AJ44+'Cross Creek RV'!AJ139+'Cross Creek RV Resort (cr994)'!AJ145+'El Rio De Oro (el289)'!AJ41+'El Rio del Oro'!AJ44+'Endless Summer RV Resort'!AJ62+'Endless Summer RV Resort (en079'!AJ54+Evergreen!AJ41+'Far Horizons'!AJ41+'Far Horizons (fa105)'!AJ41+'Floridian Sandalwood (fl356)'!AJ38+'Floridian Sandalwood MHC'!AJ42+Glenhaven!AJ46+'Glenhaven Estates (gl317)'!AJ46+'Harbor Lights (ha310)'!AJ47+'Harbor Lights MHC'!AJ45+'Harvest Gate'!AJ55+'Hunter Run RV Estates'!AJ96+'Hunters Run RV Estates (hu116)'!AJ209+'Jade Isle (ja068)'!AJ38+'Jade Isle MHC'!AJ40+'Kakusha Estates (ka045)'!AJ44+'Kakusha MHC'!AJ43+'Lakeside Village'!AJ49+'Lakeside Village (la482)'!AJ51+'Lakewood Village (la481)'!AJ110+'Lakewood Village MHC LLC'!AJ130+'Maple Corner'!AJ63+'Maple Corner (ma490)'!AJ53+'Marlboro Court (ma489)'!AJ41+'Marlboro Court MHC LLC'!AJ41+'May Manor'!AJ145+'May Manor (ma488)'!AJ77+'Mobiland by the Sea (mo320)'!AJ46+'Mobiland By The Sea MHC'!AJ47+'Moss Landing'!AJ74+'Moss Landing (mo321)'!AJ66+'Oak Springs'!AJ78+'Oak Springs MHC (oa150)'!AJ54+'Orange Manor East'!AJ43+'Orange Manor East (or125)'!AJ46+'Pacific Manor'!AJ52+'Pacific Manor (pa602)'!AJ54+Parkhaven!AJ109+Ridgecrest!AJ59+Riverest!AJ53+'Riverview MHRV LLC'!AJ56+Rosehaven!AJ121+'Sanctuary RV Resort'!AJ233+'Shadow Mountain MHC'!AJ40+Springhaven!AJ40+'Star Valley Ranch'!AJ51+Sunhaven!AJ47+'Sunny Grove'!AJ46+Tarponaire!AJ50+'Val Vista RV Resort'!AJ79+'Webster RV Resort LLC'!AJ66+'Wekiva Falls RV Resort'!AJ90+'West Jupiter RV Resort'!AJ47+'Western Way RV Resort LLC'!AJ139
B20: Total Utilities | E20: ='Agave Village (ag011)'!E73+'Agave Village LLC'!E62+'Brookhaven Estates (bo260)'!E55+'Brookhaven RV Resort'!E51+'Courtly Manor'!E44+'Courtly Manor Park (co669)'!E45+'Cross Creek RV'!E140+'Cross Creek RV Resort (cr994)'!E146+'El Rio De Oro (el289)'!E42+'El Rio del Oro'!E45+'Endless Summer RV Resort'!E63+'Endless Summer RV Resort (en079'!E55+Evergreen!E42+'Far Horizons'!E42+'Far Horizons (fa105)'!E42+'Floridian Sandalwood (fl356)'!E39+'Floridian Sandalwood MHC'!E43+Glenhaven!E47+'Glenhaven Estates (gl317)'!E47+'Harbor Lights (ha310)'!E48+'Harbor Lights MHC'!E46+'Harvest Gate'!E56+'Hunter Run RV Estates'!E97+'Hunters Run RV Estates (hu116)'!E210+'Jade Isle (ja068)'!E39+'Jade Isle MHC'!E41+'Kakusha Estates (ka045)'!E45+'Kakusha MHC'!E44+'Lakeside Village'!E50+'Lakeside Village (la482)'!E52+'Lakewood Village (la481)'!E111+'Lakewood Village MHC LLC'!E131+'Maple Corner'!E64+'Maple Corner (ma490)'!E54+'Marlboro Court (ma489)'!E42+'Marlboro Court MHC LLC'!E42+'May Manor'!E146+'May Manor (ma488)'!E78+'Mobiland by the Sea (mo320)'!E47+'Mobiland By The Sea MHC'!E48+'Moss Landing'!E75+'Moss Landing (mo321)'!E67+'Oak Springs'!E79+'Oak Springs MHC (oa150)'!E55+'Orange Manor East'!E44+'Orange Manor East (or125)'!E47+'Pacific Manor'!E53+'Pacific Manor (pa602)'!E55+Parkhaven!E110+Ridgecrest!E60+Riverest!E54+'Riverview MHRV LLC'!E57+Rosehaven!E122+'Sanctuary RV Resort'!E234+'Shadow Mountain MHC'!E41+Springhaven!E41+'Star Valley Ranch'!E52+Sunhaven!E48+'Sunny Grove'!E47+Tarponaire!E51+'Val Vista RV Resort'!E80+'Webster RV Resort LLC'!E67+'Wekiva Falls RV Resort'!E91+'West Jupiter RV Resort'!E48+'Western Way RV Resort LLC'!E140 | F20: ='Agave Village (ag011)'!F73+'Agave Village LLC'!F62+'Brookhaven Estates (bo260)'!F55+'Brookhaven RV Resort'!F51+'Courtly Manor'!F44+'Courtly Manor Park (co669)'!F45+'Cross Creek RV'!F140+'Cross Creek RV Resort (cr994)'!F146+'El Rio De Oro (el289)'!F42+'El Rio del Oro'!F45+'Endless Summer RV Resort'!F63+'Endless Summer RV Resort (en079'!F55+Evergreen!F42+'Far Horizons'!F42+'Far Horizons (fa105)'!F42+'Floridian Sandalwood (fl356)'!F39+'Floridian Sandalwood MHC'!F43+Glenhaven!F47+'Glenhaven Estates (gl317)'!F47+'Harbor Lights (ha310)'!F48+'Harbor Lights MHC'!F46+'Harvest Gate'!F56+'Hunter Run RV Estates'!F97+'Hunters Run RV Estates (hu116)'!F210+'Jade Isle (ja068)'!F39+'Jade Isle MHC'!F41+'Kakusha Estates (ka045)'!F45+'Kakusha MHC'!F44+'Lakeside Village'!F50+'Lakeside Village (la482)'!F52+'Lakewood Village (la481)'!F111+'Lakewood Village MHC LLC'!F131+'Maple Corner'!F64+'Maple Corner (ma490)'!F54+'Marlboro Court (ma489)'!F42+'Marlboro Court MHC LLC'!F42+'May Manor'!F146+'May Manor (ma488)'!F78+'Mobiland by the Sea (mo320)'!F47+'Mobiland By The Sea MHC'!F48+'Moss Landing'!F75+'Moss Landing (mo321)'!F67+'Oak Springs'!F79+'Oak Springs MHC (oa150)'!F55+'Orange Manor East'!F44+'Orange Manor East (or125)'!F47+'Pacific Manor'!F53+'Pacific Manor (pa602)'!F55+Parkhaven!F110+Ridgecrest!F60+Riverest!F54+'Riverview MHRV LLC'!F57+Rosehaven!F122+'Sanctuary RV Resort'!F234+'Shadow Mountain MHC'!F41+Springhaven!F41+'Star Valley Ranch'!F52+Sunhaven!F48+'Sunny Grove'!F47+Tarponaire!F51+'Val Vista RV Resort'!F80+'Webster RV Resort LLC'!F67+'Wekiva Falls RV Resort'!F91+'West Jupiter RV Resort'!F48+'Western Way RV Resort LLC'!F140 | G20: ='Agave Village (ag011)'!G73+'Agave Village LLC'!G62+'Brookhaven Estates (bo260)'!G55+'Brookhaven RV Resort'!G51+'Courtly Manor'!G44+'Courtly Manor Park (co669)'!G45+'Cross Creek RV'!G140+'Cross Creek RV Resort (cr994)'!G146+'El Rio De Oro (el289)'!G42+'El Rio del Oro'!G45+'Endless Summer RV Resort'!G63+'Endless Summer RV Resort (en079'!G55+Evergreen!G42+'Far Horizons'!G42+'Far Horizons (fa105)'!G42+'Floridian Sandalwood (fl356)'!G39+'Floridian Sandalwood MHC'!G43+Glenhaven!G47+'Glenhaven Estates (gl317)'!G47+'Harbor Lights (ha310)'!G48+'Harbor Lights MHC'!G46+'Harvest Gate'!G56+'Hunter Run RV Estates'!G97+'Hunters Run RV Estates (hu116)'!G210+'Jade Isle (ja068)'!G39+'Jade Isle MHC'!G41+'Kakusha Estates (ka045)'!G45+'Kakusha MHC'!G44+'Lakeside Village'!G50+'Lakeside Village (la482)'!G52+'Lakewood Village (la481)'!G111+'Lakewood Village MHC LLC'!G131+'Maple Corner'!G64+'Maple Corner (ma490)'!G54+'Marlboro Court (ma489)'!G42+'Marlboro Court MHC LLC'!G42+'May Manor'!G146+'May Manor (ma488)'!G78+'Mobiland by the Sea (mo320)'!G47+'Mobiland By The Sea MHC'!G48+'Moss Landing'!G75+'Moss Landing (mo321)'!G67+'Oak Springs'!G79+'Oak Springs MHC (oa150)'!G55+'Orange Manor East'!G44+'Orange Manor East (or125)'!G47+'Pacific Manor'!G53+'Pacific Manor (pa602)'!G55+Parkhaven!G110+Ridgecrest!G60+Riverest!G54+'Riverview MHRV LLC'!G57+Rosehaven!G122+'Sanctuary RV Resort'!G234+'Shadow Mountain MHC'!G41+Springhaven!G41+'Star Valley Ranch'!G52+Sunhaven!G48+'Sunny Grove'!G47+Tarponaire!G51+'Val Vista RV Resort'!G80+'Webster RV Resort LLC'!G67+'Wekiva Falls RV Resort'!G91+'West Jupiter RV Resort'!G48+'Western Way RV Resort LLC'!G140 | H20: ='Agave Village (ag011)'!H73+'Agave Village LLC'!H62+'Brookhaven Estates (bo260)'!H55+'Brookhaven RV Resort'!H51+'Courtly Manor'!H44+'Courtly Manor Park (co669)'!H45+'Cross Creek RV'!H140+'Cross Creek RV Resort (cr994)'!H146+'El Rio De Oro (el289)'!H42+'El Rio del Oro'!H45+'Endless Summer RV Resort'!H63+'Endless Summer RV Resort (en079'!H55+Evergreen!H42+'Far Horizons'!H42+'Far Horizons (fa105)'!H42+'Floridian Sandalwood (fl356)'!H39+'Floridian Sandalwood MHC'!H43+Glenhaven!H47+'Glenhaven Estates (gl317)'!H47+'Harbor Lights (ha310)'!H48+'Harbor Lights MHC'!H46+'Harvest Gate'!H56+'Hunter Run RV Estates'!H97+'Hunters Run RV Estates (hu116)'!H210+'Jade Isle (ja068)'!H39+'Jade Isle MHC'!H41+'Kakusha Estates (ka045)'!H45+'Kakusha MHC'!H44+'Lakeside Village'!H50+'Lakeside Village (la482)'!H52+'Lakewood Village (la481)'!H111+'Lakewood Village MHC LLC'!H131+'Maple Corner'!H64+'Maple Corner (ma490)'!H54+'Marlboro Court (ma489)'!H42+'Marlboro Court MHC LLC'!H42+'May Manor'!H146+'May Manor (ma488)'!H78+'Mobiland by the Sea (mo320)'!H47+'Mobiland By The Sea MHC'!H48+'Moss Landing'!H75+'Moss Landing (mo321)'!H67+'Oak Springs'!H79+'Oak Springs MHC (oa150)'!H55+'Orange Manor East'!H44+'Orange Manor East (or125)'!H47+'Pacific Manor'!H53+'Pacific Manor (pa602)'!H55+Parkhaven!H110+Ridgecrest!H60+Riverest!H54+'Riverview MHRV LLC'!H57+Rosehaven!H122+'Sanctuary RV Resort'!H234+'Shadow Mountain MHC'!H41+Springhaven!H41+'Star Valley Ranch'!H52+Sunhaven!H48+'Sunny Grove'!H47+Tarponaire!H51+'Val Vista RV Resort'!H80+'Webster RV Resort LLC'!H67+'Wekiva Falls RV Resort'!H91+'West Jupiter RV Resort'!H48+'Western Way RV Resort LLC'!H140 | I20: ='Agave Village (ag011)'!I73+'Agave Village LLC'!I62+'Brookhaven Estates (bo260)'!I55+'Brookhaven RV Resort'!I51+'Courtly Manor'!I44+'Courtly Manor Park (co669)'!I45+'Cross Creek RV'!I140+'Cross Creek RV Resort (cr994)'!I146+'El Rio De Oro (el289)'!I42+'El Rio del Oro'!I45+'Endless Summer RV Resort'!I63+'Endless Summer RV Resort (en079'!I55+Evergreen!I42+'Far Horizons'!I42+'Far Horizons (fa105)'!I42+'Floridian Sandalwood (fl356)'!I39+'Floridian Sandalwood MHC'!I43+Glenhaven!I47+'Glenhaven Estates (gl317)'!I47+'Harbor Lights (ha310)'!I48+'Harbor Lights MHC'!I46+'Harvest Gate'!I56+'Hunter Run RV Estates'!I97+'Hunters Run RV Estates (hu116)'!I210+'Jade Isle (ja068)'!I39+'Jade Isle MHC'!I41+'Kakusha Estates (ka045)'!I45+'Kakusha MHC'!I44+'Lakeside Village'!I50+'Lakeside Village (la482)'!I52+'Lakewood Village (la481)'!I111+'Lakewood Village MHC LLC'!I131+'Maple Corner'!I64+'Maple Corner (ma490)'!I54+'Marlboro Court (ma489)'!I42+'Marlboro Court MHC LLC'!I42+'May Manor'!I146+'May Manor (ma488)'!I78+'Mobiland by the Sea (mo320)'!I47+'Mobiland By The Sea MHC'!I48+'Moss Landing'!I75+'Moss Landing (mo321)'!I67+'Oak Springs'!I79+'Oak Springs MHC (oa150)'!I55+'Orange Manor East'!I44+'Orange Manor East (or125)'!I47+'Pacific Manor'!I53+'Pacific Manor (pa602)'!I55+Parkhaven!I110+Ridgecrest!I60+Riverest!I54+'Riverview MHRV LLC'!I57+Rosehaven!I122+'Sanctuary RV Resort'!I234+'Shadow Mountain MHC'!I41+Springhaven!I41+'Star Valley Ranch'!I52+Sunhaven!I48+'Sunny Grove'!I47+Tarponaire!I51+'Val Vista RV Resort'!I80+'Webster RV Resort LLC'!I67+'Wekiva Falls RV Resort'!I91+'West Jupiter RV Resort'!I48+'Western Way RV Resort LLC'!I140 | J20: ='Agave Village (ag011)'!J73+'Agave Village LLC'!J62+'Brookhaven Estates (bo260)'!J55+'Brookhaven RV Resort'!J51+'Courtly Manor'!J44+'Courtly Manor Park (co669)'!J45+'Cross Creek RV'!J140+'Cross Creek RV Resort (cr994)'!J146+'El Rio De Oro (el289)'!J42+'El Rio del Oro'!J45+'Endless Summer RV Resort'!J63+'Endless Summer RV Resort (en079'!J55+Evergreen!J42+'Far Horizons'!J42+'Far Horizons (fa105)'!J42+'Floridian Sandalwood (fl356)'!J39+'Floridian Sandalwood MHC'!J43+Glenhaven!J47+'Glenhaven Estates (gl317)'!J47+'Harbor Lights (ha310)'!J48+'Harbor Lights MHC'!J46+'Harvest Gate'!J56+'Hunter Run RV Estates'!J97+'Hunters Run RV Estates (hu116)'!J210+'Jade Isle (ja068)'!J39+'Jade Isle MHC'!J41+'Kakusha Estates (ka045)'!J45+'Kakusha MHC'!J44+'Lakeside Village'!J50+'Lakeside Village (la482)'!J52+'Lakewood Village (la481)'!J111+'Lakewood Village MHC LLC'!J131+'Maple Corner'!J64+'Maple Corner (ma490)'!J54+'Marlboro Court (ma489)'!J42+'Marlboro Court MHC LLC'!J42+'May Manor'!J146+'May Manor (ma488)'!J78+'Mobiland by the Sea (mo320)'!J47+'Mobiland By The Sea MHC'!J48+'Moss Landing'!J75+'Moss Landing (mo321)'!J67+'Oak Springs'!J79+'Oak Springs MHC (oa150)'!J55+'Orange Manor East'!J44+'Orange Manor East (or125)'!J47+'Pacific Manor'!J53+'Pacific Manor (pa602)'!J55+Parkhaven!J110+Ridgecrest!J60+Riverest!J54+'Riverview MHRV LLC'!J57+Rosehaven!J122+'Sanctuary RV Resort'!J234+'Shadow Mountain MHC'!J41+Springhaven!J41+'Star Valley Ranch'!J52+Sunhaven!J48+'Sunny Grove'!J47+Tarponaire!J51+'Val Vista RV Resort'!J80+'Webster RV Resort LLC'!J67+'Wekiva Falls RV Resort'!J91+'West Jupiter RV Resort'!J48+'Western Way RV Resort LLC'!J140 | K20: ='Agave Village (ag011)'!K73+'Agave Village LLC'!K62+'Brookhaven Estates (bo260)'!K55+'Brookhaven RV Resort'!K51+'Courtly Manor'!K44+'Courtly Manor Park (co669)'!K45+'Cross Creek RV'!K140+'Cross Creek RV Resort (cr994)'!K146+'El Rio De Oro (el289)'!K42+'El Rio del Oro'!K45+'Endless Summer RV Resort'!K63+'Endless Summer RV Resort (en079'!K55+Evergreen!K42+'Far Horizons'!K42+'Far Horizons (fa105)'!K42+'Floridian Sandalwood (fl356)'!K39+'Floridian Sandalwood MHC'!K43+Glenhaven!K47+'Glenhaven Estates (gl317)'!K47+'Harbor Lights (ha310)'!K48+'Harbor Lights MHC'!K46+'Harvest Gate'!K56+'Hunter Run RV Estates'!K97+'Hunters Run RV Estates (hu116)'!K210+'Jade Isle (ja068)'!K39+'Jade Isle MHC'!K41+'Kakusha Estates (ka045)'!K45+'Kakusha MHC'!K44+'Lakeside Village'!K50+'Lakeside Village (la482)'!K52+'Lakewood Village (la481)'!K111+'Lakewood Village MHC LLC'!K131+'Maple Corner'!K64+'Maple Corner (ma490)'!K54+'Marlboro Court (ma489)'!K42+'Marlboro Court MHC LLC'!K42+'May Manor'!K146+'May Manor (ma488)'!K78+'Mobiland by the Sea (mo320)'!K47+'Mobiland By The Sea MHC'!K48+'Moss Landing'!K75+'Moss Landing (mo321)'!K67+'Oak Springs'!K79+'Oak Springs MHC (oa150)'!K55+'Orange Manor East'!K44+'Orange Manor East (or125)'!K47+'Pacific Manor'!K53+'Pacific Manor (pa602)'!K55+Parkhaven!K110+Ridgecrest!K60+Riverest!K54+'Riverview MHRV LLC'!K57+Rosehaven!K122+'Sanctuary RV Resort'!K234+'Shadow Mountain MHC'!K41+Springhaven!K41+'Star Valley Ranch'!K52+Sunhaven!K48+'Sunny Grove'!K47+Tarponaire!K51+'Val Vista RV Resort'!K80+'Webster RV Resort LLC'!K67+'Wekiva Falls RV Resort'!K91+'West Jupiter RV Resort'!K48+'Western Way RV Resort LLC'!K140 | L20: ='Agave Village (ag011)'!L73+'Agave Village LLC'!L62+'Brookhaven Estates (bo260)'!L55+'Brookhaven RV Resort'!L51+'Courtly Manor'!L44+'Courtly Manor Park (co669)'!L45+'Cross Creek RV'!L140+'Cross Creek RV Resort (cr994)'!L146+'El Rio De Oro (el289)'!L42+'El Rio del Oro'!L45+'Endless Summer RV Resort'!L63+'Endless Summer RV Resort (en079'!L55+Evergreen!L42+'Far Horizons'!L42+'Far Horizons (fa105)'!L42+'Floridian Sandalwood (fl356)'!L39+'Floridian Sandalwood MHC'!L43+Glenhaven!L47+'Glenhaven Estates (gl317)'!L47+'Harbor Lights (ha310)'!L48+'Harbor Lights MHC'!L46+'Harvest Gate'!L56+'Hunter Run RV Estates'!L97+'Hunters Run RV Estates (hu116)'!L210+'Jade Isle (ja068)'!L39+'Jade Isle MHC'!L41+'Kakusha Estates (ka045)'!L45+'Kakusha MHC'!L44+'Lakeside Village'!L50+'Lakeside Village (la482)'!L52+'Lakewood Village (la481)'!L111+'Lakewood Village MHC LLC'!L131+'Maple Corner'!L64+'Maple Corner (ma490)'!L54+'Marlboro Court (ma489)'!L42+'Marlboro Court MHC LLC'!L42+'May Manor'!L146+'May Manor (ma488)'!L78+'Mobiland by the Sea (mo320)'!L47+'Mobiland By The Sea MHC'!L48+'Moss Landing'!L75+'Moss Landing (mo321)'!L67+'Oak Springs'!L79+'Oak Springs MHC (oa150)'!L55+'Orange Manor East'!L44+'Orange Manor East (or125)'!L47+'Pacific Manor'!L53+'Pacific Manor (pa602)'!L55+Parkhaven!L110+Ridgecrest!L60+Riverest!L54+'Riverview MHRV LLC'!L57+Rosehaven!L122+'Sanctuary RV Resort'!L234+'Shadow Mountain MHC'!L41+Springhaven!L41+'Star Valley Ranch'!L52+Sunhaven!L48+'Sunny Grove'!L47+Tarponaire!L51+'Val Vista RV Resort'!L80+'Webster RV Resort LLC'!L67+'Wekiva Falls RV Resort'!L91+'West Jupiter RV Resort'!L48+'Western Way RV Resort LLC'!L140 | ... AJ20: ='Agave Village (ag011)'!AJ73+'Agave Village LLC'!AJ62+'Brookhaven Estates (bo260)'!AJ55+'Brookhaven RV Resort'!AJ51+'Courtly Manor'!AJ44+'Courtly Manor Park (co669)'!AJ45+'Cross Creek RV'!AJ140+'Cross Creek RV Resort (cr994)'!AJ146+'El Rio De Oro (el289)'!AJ42+'El Rio del Oro'!AJ45+'Endless Summer RV Resort'!AJ63+'Endless Summer RV Resort (en079'!AJ55+Evergreen!AJ42+'Far Horizons'!AJ42+'Far Horizons (fa105)'!AJ42+'Floridian Sandalwood (fl356)'!AJ39+'Floridian Sandalwood MHC'!AJ43+Glenhaven!AJ47+'Glenhaven Estates (gl317)'!AJ47+'Harbor Lights (ha310)'!AJ48+'Harbor Lights MHC'!AJ46+'Harvest Gate'!AJ56+'Hunter Run RV Estates'!AJ97+'Hunters Run RV Estates (hu116)'!AJ210+'Jade Isle (ja068)'!AJ39+'Jade Isle MHC'!AJ41+'Kakusha Estates (ka045)'!AJ45+'Kakusha MHC'!AJ44+'Lakeside Village'!AJ50+'Lakeside Village (la482)'!AJ52+'Lakewood Village (la481)'!AJ111+'Lakewood Village MHC LLC'!AJ131+'Maple Corner'!AJ64+'Maple Corner (ma490)'!AJ54+'Marlboro Court (ma489)'!AJ42+'Marlboro Court MHC LLC'!AJ42+'May Manor'!AJ146+'May Manor (ma488)'!AJ78+'Mobiland by the Sea (mo320)'!AJ47+'Mobiland By The Sea MHC'!AJ48+'Moss Landing'!AJ75+'Moss Landing (mo321)'!AJ67+'Oak Springs'!AJ79+'Oak Springs MHC (oa150)'!AJ55+'Orange Manor East'!AJ44+'Orange Manor East (or125)'!AJ47+'Pacific Manor'!AJ53+'Pacific Manor (pa602)'!AJ55+Parkhaven!AJ110+Ridgecrest!AJ60+Riverest!AJ54+'Riverview MHRV LLC'!AJ57+Rosehaven!AJ122+'Sanctuary RV Resort'!AJ234+'Shadow Mountain MHC'!AJ41+Springhaven!AJ41+'Star Valley Ranch'!AJ52+Sunhaven!AJ48+'Sunny Grove'!AJ47+Tarponaire!AJ51+'Val Vista RV Resort'!AJ80+'Webster RV Resort LLC'!AJ67+'Wekiva Falls RV Resort'!AJ91+'West Jupiter RV Resort'!AJ48+'Western Way RV Resort LLC'!AJ140
B22: Variance | E22: Dec-99 | F22: Jan-23 | G22: Nov-23 | H22: Dec-23 | I22: Jan-24 | J22: Feb-24 | K22: Mar-24 | L22: Apr-24 | M22: May-24 | N22: Jun-24 | O22: Jul-24 | P22: Aug-24 | Q22: Sep-24 | R22: Oct-24 | S22: Nov-24 | T22: Dec-24 | U22: Jan-25 | V22: Feb-25 | W22: Mar-25 | X22: Apr-25 | Y22: May-25 | Z22: Jun-25 | AA22: Jul-25 | AB22: Aug-25 | AC22: Sep-25 | AD22: Oct-25 | AE22: Nov-25 | AF22: Dec-25 | AG22: Jan-26 | AH22: Feb-26 | AI22: Mar-26 | AJ22: Total
B23: Gas | E23: ='Agave Village (ag011)'!E76+'Agave Village LLC'!E65+'Brookhaven Estates (bo260)'!E58+'Brookhaven RV Resort'!E54+'Courtly Manor'!E47+'Courtly Manor Park (co669)'!E48+'Cross Creek RV'!E143+'Cross Creek RV Resort (cr994)'!E149+'El Rio De Oro (el289)'!E45+'El Rio del Oro'!E48+'Endless Summer RV Resort'!E66+'Endless Summer RV Resort (en079'!E58+Evergreen!E45+'Far Horizons'!E45+'Far Horizons (fa105)'!E45+'Floridian Sandalwood (fl356)'!E42+'Floridian Sandalwood MHC'!E46+Glenhaven!E50+'Glenhaven Estates (gl317)'!E50+'Harbor Lights (ha310)'!E51+'Harbor Lights MHC'!E49+'Harvest Gate'!E59+'Hunter Run RV Estates'!E100+'Hunters Run RV Estates (hu116)'!E213+'Jade Isle (ja068)'!E42+'Jade Isle MHC'!E44+'Kakusha Estates (ka045)'!E48+'Kakusha MHC'!E47+'Lakeside Village'!E53+'Lakeside Village (la482)'!E55+'Lakewood Village (la481)'!E114+'Lakewood Village MHC LLC'!E134+'Maple Corner'!E67+'Maple Corner (ma490)'!E57+'Marlboro Court (ma489)'!E45+'Marlboro Court MHC LLC'!E45+'May Manor'!E149+'May Manor (ma488)'!E81+'Mobiland by the Sea (mo320)'!E50+'Mobiland By The Sea MHC'!E51+'Moss Landing'!E78+'Moss Landing (mo321)'!E70+'Oak Springs'!E82+'Oak Springs MHC (oa150)'!E58+'Orange Manor East'!E47+'Orange Manor East (or125)'!E50+'Pacific Manor'!E56+'Pacific Manor (pa602)'!E58+Parkhaven!E113+Ridgecrest!E63+Riverest!E57+'Riverview MHRV LLC'!E60+Rosehaven!E125+'Sanctuary RV Resort'!E237+'Shadow Mountain MHC'!E44+Springhaven!E44+'Star Valley Ranch'!E55+Sunhaven!E51+'Sunny Grove'!E50+Tarponaire!E54+'Val Vista RV Resort'!E83+'Webster RV Resort LLC'!E70+'Wekiva Falls RV Resort'!E94+'West Jupiter RV Resort'!E51+'Western Way RV Resort LLC'!E143 | F23: ='Agave Village (ag011)'!F76+'Agave Village LLC'!F65+'Brookhaven Estates (bo260)'!F58+'Brookhaven RV Resort'!F54+'Courtly Manor'!F47+'Courtly Manor Park (co669)'!F48+'Cross Creek RV'!F143+'Cross Creek RV Resort (cr994)'!F149+'El Rio De Oro (el289)'!F45+'El Rio del Oro'!F48+'Endless Summer RV Resort'!F66+'Endless Summer RV Resort (en079'!F58+Evergreen!F45+'Far Horizons'!F45+'Far Horizons (fa105)'!F45+'Floridian Sandalwood (fl356)'!F42+'Floridian Sandalwood MHC'!F46+Glenhaven!F50+'Glenhaven Estates (gl317)'!F50+'Harbor Lights (ha310)'!F51+'Harbor Lights MHC'!F49+'Harvest Gate'!F59+'Hunter Run RV Estates'!F100+'Hunters Run RV Estates (hu116)'!F213+'Jade Isle (ja068)'!F42+'Jade Isle MHC'!F44+'Kakusha Estates (ka045)'!F48+'Kakusha MHC'!F47+'Lakeside Village'!F53+'Lakeside Village (la482)'!F55+'Lakewood Village (la481)'!F114+'Lakewood Village MHC LLC'!F134+'Maple Corner'!F67+'Maple Corner (ma490)'!F57+'Marlboro Court (ma489)'!F45+'Marlboro Court MHC LLC'!F45+'May Manor'!F149+'May Manor (ma488)'!F81+'Mobiland by the Sea (mo320)'!F50+'Mobiland By The Sea MHC'!F51+'Moss Landing'!F78+'Moss Landing (mo321)'!F70+'Oak Springs'!F82+'Oak Springs MHC (oa150)'!F58+'Orange Manor East'!F47+'Orange Manor East (or125)'!F50+'Pacific Manor'!F56+'Pacific Manor (pa602)'!F58+Parkhaven!F113+Ridgecrest!F63+Riverest!F57+'Riverview MHRV LLC'!F60+Rosehaven!F125+'Sanctuary RV Resort'!F237+'Shadow Mountain MHC'!F44+Springhaven!F44+'Star Valley Ranch'!F55+Sunhaven!F51+'Sunny Grove'!F50+Tarponaire!F54+'Val Vista RV Resort'!F83+'Webster RV Resort LLC'!F70+'Wekiva Falls RV Resort'!F94+'West Jupiter RV Resort'!F51+'Western Way RV Resort LLC'!F143 | G23: ='Agave Village (ag011)'!G76+'Agave Village LLC'!G65+'Brookhaven Estates (bo260)'!G58+'Brookhaven RV Resort'!G54+'Courtly Manor'!G47+'Courtly Manor Park (co669)'!G48+'Cross Creek RV'!G143+'Cross Creek RV Resort (cr994)'!G149+'El Rio De Oro (el289)'!G45+'El Rio del Oro'!G48+'Endless Summer RV Resort'!G66+'Endless Summer RV Resort (en079'!G58+Evergreen!G45+'Far Horizons'!G45+'Far Horizons (fa105)'!G45+'Floridian Sandalwood (fl356)'!G42+'Floridian Sandalwood MHC'!G46+Glenhaven!G50+'Glenhaven Estates (gl317)'!G50+'Harbor Lights (ha310)'!G51+'Harbor Lights MHC'!G49+'Harvest Gate'!G59+'Hunter Run RV Estates'!G100+'Hunters Run RV Estates (hu116)'!G213+'Jade Isle (ja068)'!G42+'Jade Isle MHC'!G44+'Kakusha Estates (ka045)'!G48+'Kakusha MHC'!G47+'Lakeside Village'!G53+'Lakeside Village (la482)'!G55+'Lakewood Village (la481)'!G114+'Lakewood Village MHC LLC'!G134+'Maple Corner'!G67+'Maple Corner (ma490)'!G57+'Marlboro Court (ma489)'!G45+'Marlboro Court MHC LLC'!G45+'May Manor'!G149+'May Manor (ma488)'!G81+'Mobiland by the Sea (mo320)'!G50+'Mobiland By The Sea MHC'!G51+'Moss Landing'!G78+'Moss Landing (mo321)'!G70+'Oak Springs'!G82+'Oak Springs MHC (oa150)'!G58+'Orange Manor East'!G47+'Orange Manor East (or125)'!G50+'Pacific Manor'!G56+'Pacific Manor (pa602)'!G58+Parkhaven!G113+Ridgecrest!G63+Riverest!G57+'Riverview MHRV LLC'!G60+Rosehaven!G125+'Sanctuary RV Resort'!G237+'Shadow Mountain MHC'!G44+Springhaven!G44+'Star Valley Ranch'!G55+Sunhaven!G51+'Sunny Grove'!G50+Tarponaire!G54+'Val Vista RV Resort'!G83+'Webster RV Resort LLC'!G70+'Wekiva Falls RV Resort'!G94+'West Jupiter RV Resort'!G51+'Western Way RV Resort LLC'!G143 | H23: ='Agave Village (ag011)'!H76+'Agave Village LLC'!H65+'Brookhaven Estates (bo260)'!H58+'Brookhaven RV Resort'!H54+'Courtly Manor'!H47+'Courtly Manor Park (co669)'!H48+'Cross Creek RV'!H143+'Cross Creek RV Resort (cr994)'!H149+'El Rio De Oro (el289)'!H45+'El Rio del Oro'!H48+'Endless Summer RV Resort'!H66+'Endless Summer RV Resort (en079'!H58+Evergreen!H45+'Far Horizons'!H45+'Far Horizons (fa105)'!H45+'Floridian Sandalwood (fl356)'!H42+'Floridian Sandalwood MHC'!H46+Glenhaven!H50+'Glenhaven Estates (gl317)'!H50+'Harbor Lights (ha310)'!H51+'Harbor Lights MHC'!H49+'Harvest Gate'!H59+'Hunter Run RV Estates'!H100+'Hunters Run RV Estates (hu116)'!H213+'Jade Isle (ja068)'!H42+'Jade Isle MHC'!H44+'Kakusha Estates (ka045)'!H48+'Kakusha MHC'!H47+'Lakeside Village'!H53+'Lakeside Village (la482)'!H55+'Lakewood Village (la481)'!H114+'Lakewood Village MHC LLC'!H134+'Maple Corner'!H67+'Maple Corner (ma490)'!H57+'Marlboro Court (ma489)'!H45+'Marlboro Court MHC LLC'!H45+'May Manor'!H149+'May Manor (ma488)'!H81+'Mobiland by the Sea (mo320)'!H50+'Mobiland By The Sea MHC'!H51+'Moss Landing'!H78+'Moss Landing (mo321)'!H70+'Oak Springs'!H82+'Oak Springs MHC (oa150)'!H58+'Orange Manor East'!H47+'Orange Manor East (or125)'!H50+'Pacific Manor'!H56+'Pacific Manor (pa602)'!H58+Parkhaven!H113+Ridgecrest!H63+Riverest!H57+'Riverview MHRV LLC'!H60+Rosehaven!H125+'Sanctuary RV Resort'!H237+'Shadow Mountain MHC'!H44+Springhaven!H44+'Star Valley Ranch'!H55+Sunhaven!H51+'Sunny Grove'!H50+Tarponaire!H54+'Val Vista RV Resort'!H83+'Webster RV Resort LLC'!H70+'Wekiva Falls RV Resort'!H94+'West Jupiter RV Resort'!H51+'Western Way RV Resort LLC'!H143 | I23: ='Agave Village (ag011)'!I76+'Agave Village LLC'!I65+'Brookhaven Estates (bo260)'!I58+'Brookhaven RV Resort'!I54+'Courtly Manor'!I47+'Courtly Manor Park (co669)'!I48+'Cross Creek RV'!I143+'Cross Creek RV Resort (cr994)'!I149+'El Rio De Oro (el289)'!I45+'El Rio del Oro'!I48+'Endless Summer RV Resort'!I66+'Endless Summer RV Resort (en079'!I58+Evergreen!I45+'Far Horizons'!I45+'Far Horizons (fa105)'!I45+'Floridian Sandalwood (fl356)'!I42+'Floridian Sandalwood MHC'!I46+Glenhaven!I50+'Glenhaven Estates (gl317)'!I50+'Harbor Lights (ha310)'!I51+'Harbor Lights MHC'!I49+'Harvest Gate'!I59+'Hunter Run RV Estates'!I100+'Hunters Run RV Estates (hu116)'!I213+'Jade Isle (ja068)'!I42+'Jade Isle MHC'!I44+'Kakusha Estates (ka045)'!I48+'Kakusha MHC'!I47+'Lakeside Village'!I53+'Lakeside Village (la482)'!I55+'Lakewood Village (la481)'!I114+'Lakewood Village MHC LLC'!I134+'Maple Corner'!I67+'Maple Corner (ma490)'!I57+'Marlboro Court (ma489)'!I45+'Marlboro Court MHC LLC'!I45+'May Manor'!I149+'May Manor (ma488)'!I81+'Mobiland by the Sea (mo320)'!I50+'Mobiland By The Sea MHC'!I51+'Moss Landing'!I78+'Moss Landing (mo321)'!I70+'Oak Springs'!I82+'Oak Springs MHC (oa150)'!I58+'Orange Manor East'!I47+'Orange Manor East (or125)'!I50+'Pacific Manor'!I56+'Pacific Manor (pa602)'!I58+Parkhaven!I113+Ridgecrest!I63+Riverest!I57+'Riverview MHRV LLC'!I60+Rosehaven!I125+'Sanctuary RV Resort'!I237+'Shadow Mountain MHC'!I44+Springhaven!I44+'Star Valley Ranch'!I55+Sunhaven!I51+'Sunny Grove'!I50+Tarponaire!I54+'Val Vista RV Resort'!I83+'Webster RV Resort LLC'!I70+'Wekiva Falls RV Resort'!I94+'West Jupiter RV Resort'!I51+'Western Way RV Resort LLC'!I143 | J23: ='Agave Village (ag011)'!J76+'Agave Village LLC'!J65+'Brookhaven Estates (bo260)'!J58+'Brookhaven RV Resort'!J54+'Courtly Manor'!J47+'Courtly Manor Park (co669)'!J48+'Cross Creek RV'!J143+'Cross Creek RV Resort (cr994)'!J149+'El Rio De Oro (el289)'!J45+'El Rio del Oro'!J48+'Endless Summer RV Resort'!J66+'Endless Summer RV Resort (en079'!J58+Evergreen!J45+'Far Horizons'!J45+'Far Horizons (fa105)'!J45+'Floridian Sandalwood (fl356)'!J42+'Floridian Sandalwood MHC'!J46+Glenhaven!J50+'Glenhaven Estates (gl317)'!J50+'Harbor Lights (ha310)'!J51+'Harbor Lights MHC'!J49+'Harvest Gate'!J59+'Hunter Run RV Estates'!J100+'Hunters Run RV Estates (hu116)'!J213+'Jade Isle (ja068)'!J42+'Jade Isle MHC'!J44+'Kakusha Estates (ka045)'!J48+'Kakusha MHC'!J47+'Lakeside Village'!J53+'Lakeside Village (la482)'!J55+'Lakewood Village (la481)'!J114+'Lakewood Village MHC LLC'!J134+'Maple Corner'!J67+'Maple Corner (ma490)'!J57+'Marlboro Court (ma489)'!J45+'Marlboro Court MHC LLC'!J45+'May Manor'!J149+'May Manor (ma488)'!J81+'Mobiland by the Sea (mo320)'!J50+'Mobiland By The Sea MHC'!J51+'Moss Landing'!J78+'Moss Landing (mo321)'!J70+'Oak Springs'!J82+'Oak Springs MHC (oa150)'!J58+'Orange Manor East'!J47+'Orange Manor East (or125)'!J50+'Pacific Manor'!J56+'Pacific Manor (pa602)'!J58+Parkhaven!J113+Ridgecrest!J63+Riverest!J57+'Riverview MHRV LLC'!J60+Rosehaven!J125+'Sanctuary RV Resort'!J237+'Shadow Mountain MHC'!J44+Springhaven!J44+'Star Valley Ranch'!J55+Sunhaven!J51+'Sunny Grove'!J50+Tarponaire!J54+'Val Vista RV Resort'!J83+'Webster RV Resort LLC'!J70+'Wekiva Falls RV Resort'!J94+'West Jupiter RV Resort'!J51+'Western Way RV Resort LLC'!J143 | K23: ='Agave Village (ag011)'!K76+'Agave Village LLC'!K65+'Brookhaven Estates (bo260)'!K58+'Brookhaven RV Resort'!K54+'Courtly Manor'!K47+'Courtly Manor Park (co669)'!K48+'Cross Creek RV'!K143+'Cross Creek RV Resort (cr994)'!K149+'El Rio De Oro (el289)'!K45+'El Rio del Oro'!K48+'Endless Summer RV Resort'!K66+'Endless Summer RV Resort (en079'!K58+Evergreen!K45+'Far Horizons'!K45+'Far Horizons (fa105)'!K45+'Floridian Sandalwood (fl356)'!K42+'Floridian Sandalwood MHC'!K46+Glenhaven!K50+'Glenhaven Estates (gl317)'!K50+'Harbor Lights (ha310)'!K51+'Harbor Lights MHC'!K49+'Harvest Gate'!K59+'Hunter Run RV Estates'!K100+'Hunters Run RV Estates (hu116)'!K213+'Jade Isle (ja068)'!K42+'Jade Isle MHC'!K44+'Kakusha Estates (ka045)'!K48+'Kakusha MHC'!K47+'Lakeside Village'!K53+'Lakeside Village (la482)'!K55+'Lakewood Village (la481)'!K114+'Lakewood Village MHC LLC'!K134+'Maple Corner'!K67+'Maple Corner (ma490)'!K57+'Marlboro Court (ma489)'!K45+'Marlboro Court MHC LLC'!K45+'May Manor'!K149+'May Manor (ma488)'!K81+'Mobiland by the Sea (mo320)'!K50+'Mobiland By The Sea MHC'!K51+'Moss Landing'!K78+'Moss Landing (mo321)'!K70+'Oak Springs'!K82+'Oak Springs MHC (oa150)'!K58+'Orange Manor East'!K47+'Orange Manor East (or125)'!K50+'Pacific Manor'!K56+'Pacific Manor (pa602)'!K58+Parkhaven!K113+Ridgecrest!K63+Riverest!K57+'Riverview MHRV LLC'!K60+Rosehaven!K125+'Sanctuary RV Resort'!K237+'Shadow Mountain MHC'!K44+Springhaven!K44+'Star Valley Ranch'!K55+Sunhaven!K51+'Sunny Grove'!K50+Tarponaire!K54+'Val Vista RV Resort'!K83+'Webster RV Resort LLC'!K70+'Wekiva Falls RV Resort'!K94+'West Jupiter RV Resort'!K51+'Western Way RV Resort LLC'!K143 | L23: ='Agave Village (ag011)'!L76+'Agave Village LLC'!L65+'Brookhaven Estates (bo260)'!L58+'Brookhaven RV Resort'!L54+'Courtly Manor'!L47+'Courtly Manor Park (co669)'!L48+'Cross Creek RV'!L143+'Cross Creek RV Resort (cr994)'!L149+'El Rio De Oro (el289)'!L45+'El Rio del Oro'!L48+'Endless Summer RV Resort'!L66+'Endless Summer RV Resort (en079'!L58+Evergreen!L45+'Far Horizons'!L45+'Far Horizons (fa105)'!L45+'Floridian Sandalwood (fl356)'!L42+'Floridian Sandalwood MHC'!L46+Glenhaven!L50+'Glenhaven Estates (gl317)'!L50+'Harbor Lights (ha310)'!L51+'Harbor Lights MHC'!L49+'Harvest Gate'!L59+'Hunter Run RV Estates'!L100+'Hunters Run RV Estates (hu116)'!L213+'Jade Isle (ja068)'!L42+'Jade Isle MHC'!L44+'Kakusha Estates (ka045)'!L48+'Kakusha MHC'!L47+'Lakeside Village'!L53+'Lakeside Village (la482)'!L55+'Lakewood Village (la481)'!L114+'Lakewood Village MHC LLC'!L134+'Maple Corner'!L67+'Maple Corner (ma490)'!L57+'Marlboro Court (ma489)'!L45+'Marlboro Court MHC LLC'!L45+'May Manor'!L149+'May Manor (ma488)'!L81+'Mobiland by the Sea (mo320)'!L50+'Mobiland By The Sea MHC'!L51+'Moss Landing'!L78+'Moss Landing (mo321)'!L70+'Oak Springs'!L82+'Oak Springs MHC (oa150)'!L58+'Orange Manor East'!L47+'Orange Manor East (or125)'!L50+'Pacific Manor'!L56+'Pacific Manor (pa602)'!L58+Parkhaven!L113+Ridgecrest!L63+Riverest!L57+'Riverview MHRV LLC'!L60+Rosehaven!L125+'Sanctuary RV Resort'!L237+'Shadow Mountain MHC'!L44+Springhaven!L44+'Star Valley Ranch'!L55+Sunhaven!L51+'Sunny Grove'!L50+Tarponaire!L54+'Val Vista RV Resort'!L83+'Webster RV Resort LLC'!L70+'Wekiva Falls RV Resort'!L94+'West Jupiter RV Resort'!L51+'Western Way RV Resort LLC'!L143 | ... AJ23: ='Agave Village (ag011)'!AJ76+'Agave Village LLC'!AJ65+'Brookhaven Estates (bo260)'!AJ58+'Brookhaven RV Resort'!AJ54+'Courtly Manor'!AJ47+'Courtly Manor Park (co669)'!AJ48+'Cross Creek RV'!AJ143+'Cross Creek RV Resort (cr994)'!AJ149+'El Rio De Oro (el289)'!AJ45+'El Rio del Oro'!AJ48+'Endless Summer RV Resort'!AJ66+'Endless Summer RV Resort (en079'!AJ58+Evergreen!AJ45+'Far Horizons'!AJ45+'Far Horizons (fa105)'!AJ45+'Floridian Sandalwood (fl356)'!AJ42+'Floridian Sandalwood MHC'!AJ46+Glenhaven!AJ50+'Glenhaven Estates (gl317)'!AJ50+'Harbor Lights (ha310)'!AJ51+'Harbor Lights MHC'!AJ49+'Harvest Gate'!AJ59+'Hunter Run RV Estates'!AJ100+'Hunters Run RV Estates (hu116)'!AJ213+'Jade Isle (ja068)'!AJ42+'Jade Isle MHC'!AJ44+'Kakusha Estates (ka045)'!AJ48+'Kakusha MHC'!AJ47+'Lakeside Village'!AJ53+'Lakeside Village (la482)'!AJ55+'Lakewood Village (la481)'!AJ114+'Lakewood Village MHC LLC'!AJ134+'Maple Corner'!AJ67+'Maple Corner (ma490)'!AJ57+'Marlboro Court (ma489)'!AJ45+'Marlboro Court MHC LLC'!AJ45+'May Manor'!AJ149+'May Manor (ma488)'!AJ81+'Mobiland by the Sea (mo320)'!AJ50+'Mobiland By The Sea MHC'!AJ51+'Moss Landing'!AJ78+'Moss Landing (mo321)'!AJ70+'Oak Springs'!AJ82+'Oak Springs MHC (oa150)'!AJ58+'Orange Manor East'!AJ47+'Orange Manor East (or125)'!AJ50+'Pacific Manor'!AJ56+'Pacific Manor (pa602)'!AJ58+Parkhaven!AJ113+Ridgecrest!AJ63+Riverest!AJ57+'Riverview MHRV LLC'!AJ60+Rosehaven!AJ125+'Sanctuary RV Resort'!AJ237+'Shadow Mountain MHC'!AJ44+Springhaven!AJ44+'Star Valley Ranch'!AJ55+Sunhaven!AJ51+'Sunny Grove'!AJ50+Tarponaire!AJ54+'Val Vista RV Resort'!AJ83+'Webster RV Resort LLC'!AJ70+'Wekiva Falls RV Resort'!AJ94+'West Jupiter RV Resort'!AJ51+'Western Way RV Resort LLC'!AJ143
B24: Electricity | E24: ='Agave Village (ag011)'!E77+'Agave Village LLC'!E66+'Brookhaven Estates (bo260)'!E59+'Brookhaven RV Resort'!E55+'Courtly Manor'!E48+'Courtly Manor Park (co669)'!E49+'Cross Creek RV'!E144+'Cross Creek RV Resort (cr994)'!E150+'El Rio De Oro (el289)'!E46+'El Rio del Oro'!E49+'Endless Summer RV Resort'!E67+'Endless Summer RV Resort (en079'!E59+Evergreen!E46+'Far Horizons'!E46+'Far Horizons (fa105)'!E46+'Floridian Sandalwood (fl356)'!E43+'Floridian Sandalwood MHC'!E47+Glenhaven!E51+'Glenhaven Estates (gl317)'!E51+'Harbor Lights (ha310)'!E52+'Harbor Lights MHC'!E50+'Harvest Gate'!E60+'Hunter Run RV Estates'!E101+'Hunters Run RV Estates (hu116)'!E214+'Jade Isle (ja068)'!E43+'Jade Isle MHC'!E45+'Kakusha Estates (ka045)'!E49+'Kakusha MHC'!E48+'Lakeside Village'!E54+'Lakeside Village (la482)'!E56+'Lakewood Village (la481)'!E115+'Lakewood Village MHC LLC'!E135+'Maple Corner'!E68+'Maple Corner (ma490)'!E58+'Marlboro Court (ma489)'!E46+'Marlboro Court MHC LLC'!E46+'May Manor'!E150+'May Manor (ma488)'!E82+'Mobiland by the Sea (mo320)'!E51+'Mobiland By The Sea MHC'!E52+'Moss Landing'!E79+'Moss Landing (mo321)'!E71+'Oak Springs'!E83+'Oak Springs MHC (oa150)'!E59+'Orange Manor East'!E48+'Orange Manor East (or125)'!E51+'Pacific Manor'!E57+'Pacific Manor (pa602)'!E59+Parkhaven!E114+Ridgecrest!E64+Riverest!E58+'Riverview MHRV LLC'!E61+Rosehaven!E126+'Sanctuary RV Resort'!E238+'Shadow Mountain MHC'!E45+Springhaven!E45+'Star Valley Ranch'!E56+Sunhaven!E52+'Sunny Grove'!E51+Tarponaire!E55+'Val Vista RV Resort'!E84+'Webster RV Resort LLC'!E71+'Wekiva Falls RV Resort'!E95+'West Jupiter RV Resort'!E52+'Western Way RV Resort LLC'!E144 | F24: ='Agave Village (ag011)'!F77+'Agave Village LLC'!F66+'Brookhaven Estates (bo260)'!F59+'Brookhaven RV Resort'!F55+'Courtly Manor'!F48+'Courtly Manor Park (co669)'!F49+'Cross Creek RV'!F144+'Cross Creek RV Resort (cr994)'!F150+'El Rio De Oro (el289)'!F46+'El Rio del Oro'!F49+'Endless Summer RV Resort'!F67+'Endless Summer RV Resort (en079'!F59+Evergreen!F46+'Far Horizons'!F46+'Far Horizons (fa105)'!F46+'Floridian Sandalwood (fl356)'!F43+'Floridian Sandalwood MHC'!F47+Glenhaven!F51+'Glenhaven Estates (gl317)'!F51+'Harbor Lights (ha310)'!F52+'Harbor Lights MHC'!F50+'Harvest Gate'!F60+'Hunter Run RV Estates'!F101+'Hunters Run RV Estates (hu116)'!F214+'Jade Isle (ja068)'!F43+'Jade Isle MHC'!F45+'Kakusha Estates (ka045)'!F49+'Kakusha MHC'!F48+'Lakeside Village'!F54+'Lakeside Village (la482)'!F56+'Lakewood Village (la481)'!F115+'Lakewood Village MHC LLC'!F135+'Maple Corner'!F68+'Maple Corner (ma490)'!F58+'Marlboro Court (ma489)'!F46+'Marlboro Court MHC LLC'!F46+'May Manor'!F150+'May Manor (ma488)'!F82+'Mobiland by the Sea (mo320)'!F51+'Mobiland By The Sea MHC'!F52+'Moss Landing'!F79+'Moss Landing (mo321)'!F71+'Oak Springs'!F83+'Oak Springs MHC (oa150)'!F59+'Orange Manor East'!F48+'Orange Manor East (or125)'!F51+'Pacific Manor'!F57+'Pacific Manor (pa602)'!F59+Parkhaven!F114+Ridgecrest!F64+Riverest!F58+'Riverview MHRV LLC'!F61+Rosehaven!F126+'Sanctuary RV Resort'!F238+'Shadow Mountain MHC'!F45+Springhaven!F45+'Star Valley Ranch'!F56+Sunhaven!F52+'Sunny Grove'!F51+Tarponaire!F55+'Val Vista RV Resort'!F84+'Webster RV Resort LLC'!F71+'Wekiva Falls RV Resort'!F95+'West Jupiter RV Resort'!F52+'Western Way RV Resort LLC'!F144 | G24: ='Agave Village (ag011)'!G77+'Agave Village LLC'!G66+'Brookhaven Estates (bo260)'!G59+'Brookhaven RV Resort'!G55+'Courtly Manor'!G48+'Courtly Manor Park (co669)'!G49+'Cross Creek RV'!G144+'Cross Creek RV Resort (cr994)'!G150+'El Rio De Oro (el289)'!G46+'El Rio del Oro'!G49+'Endless Summer RV Resort'!G67+'Endless Summer RV Resort (en079'!G59+Evergreen!G46+'Far Horizons'!G46+'Far Horizons (fa105)'!G46+'Floridian Sandalwood (fl356)'!G43+'Floridian Sandalwood MHC'!G47+Glenhaven!G51+'Glenhaven Estates (gl317)'!G51+'Harbor Lights (ha310)'!G52+'Harbor Lights MHC'!G50+'Harvest Gate'!G60+'Hunter Run RV Estates'!G101+'Hunters Run RV Estates (hu116)'!G214+'Jade Isle (ja068)'!G43+'Jade Isle MHC'!G45+'Kakusha Estates (ka045)'!G49+'Kakusha MHC'!G48+'Lakeside Village'!G54+'Lakeside Village (la482)'!G56+'Lakewood Village (la481)'!G115+'Lakewood Village MHC LLC'!G135+'Maple Corner'!G68+'Maple Corner (ma490)'!G58+'Marlboro Court (ma489)'!G46+'Marlboro Court MHC LLC'!G46+'May Manor'!G150+'May Manor (ma488)'!G82+'Mobiland by the Sea (mo320)'!G51+'Mobiland By The Sea MHC'!G52+'Moss Landing'!G79+'Moss Landing (mo321)'!G71+'Oak Springs'!G83+'Oak Springs MHC (oa150)'!G59+'Orange Manor East'!G48+'Orange Manor East (or125)'!G51+'Pacific Manor'!G57+'Pacific Manor (pa602)'!G59+Parkhaven!G114+Ridgecrest!G64+Riverest!G58+'Riverview MHRV LLC'!G61+Rosehaven!G126+'Sanctuary RV Resort'!G238+'Shadow Mountain MHC'!G45+Springhaven!G45+'Star Valley Ranch'!G56+Sunhaven!G52+'Sunny Grove'!G51+Tarponaire!G55+'Val Vista RV Resort'!G84+'Webster RV Resort LLC'!G71+'Wekiva Falls RV Resort'!G95+'West Jupiter RV Resort'!G52+'Western Way RV Resort LLC'!G144 | H24: ='Agave Village (ag011)'!H77+'Agave Village LLC'!H66+'Brookhaven Estates (bo260)'!H59+'Brookhaven RV Resort'!H55+'Courtly Manor'!H48+'Courtly Manor Park (co669)'!H49+'Cross Creek RV'!H144+'Cross Creek RV Resort (cr994)'!H150+'El Rio De Oro (el289)'!H46+'El Rio del Oro'!H49+'Endless Summer RV Resort'!H67+'Endless Summer RV Resort (en079'!H59+Evergreen!H46+'Far Horizons'!H46+'Far Horizons (fa105)'!H46+'Floridian Sandalwood (fl356)'!H43+'Floridian Sandalwood MHC'!H47+Glenhaven!H51+'Glenhaven Estates (gl317)'!H51+'Harbor Lights (ha310)'!H52+'Harbor Lights MHC'!H50+'Harvest Gate'!H60+'Hunter Run RV Estates'!H101+'Hunters Run RV Estates (hu116)'!H214+'Jade Isle (ja068)'!H43+'Jade Isle MHC'!H45+'Kakusha Estates (ka045)'!H49+'Kakusha MHC'!H48+'Lakeside Village'!H54+'Lakeside Village (la482)'!H56+'Lakewood Village (la481)'!H115+'Lakewood Village MHC LLC'!H135+'Maple Corner'!H68+'Maple Corner (ma490)'!H58+'Marlboro Court (ma489)'!H46+'Marlboro Court MHC LLC'!H46+'May Manor'!H150+'May Manor (ma488)'!H82+'Mobiland by the Sea (mo320)'!H51+'Mobiland By The Sea MHC'!H52+'Moss Landing'!H79+'Moss Landing (mo321)'!H71+'Oak Springs'!H83+'Oak Springs MHC (oa150)'!H59+'Orange Manor East'!H48+'Orange Manor East (or125)'!H51+'Pacific Manor'!H57+'Pacific Manor (pa602)'!H59+Parkhaven!H114+Ridgecrest!H64+Riverest!H58+'Riverview MHRV LLC'!H61+Rosehaven!H126+'Sanctuary RV Resort'!H238+'Shadow Mountain MHC'!H45+Springhaven!H45+'Star Valley Ranch'!H56+Sunhaven!H52+'Sunny Grove'!H51+Tarponaire!H55+'Val Vista RV Resort'!H84+'Webster RV Resort LLC'!H71+'Wekiva Falls RV Resort'!H95+'West Jupiter RV Resort'!H52+'Western Way RV Resort LLC'!H144 | I24: ='Agave Village (ag011)'!I77+'Agave Village LLC'!I66+'Brookhaven Estates (bo260)'!I59+'Brookhaven RV Resort'!I55+'Courtly Manor'!I48+'Courtly Manor Park (co669)'!I49+'Cross Creek RV'!I144+'Cross Creek RV Resort (cr994)'!I150+'El Rio De Oro (el289)'!I46+'El Rio del Oro'!I49+'Endless Summer RV Resort'!I67+'Endless Summer RV Resort (en079'!I59+Evergreen!I46+'Far Horizons'!I46+'Far Horizons (fa105)'!I46+'Floridian Sandalwood (fl356)'!I43+'Floridian Sandalwood MHC'!I47+Glenhaven!I51+'Glenhaven Estates (gl317)'!I51+'Harbor Lights (ha310)'!I52+'Harbor Lights MHC'!I50+'Harvest Gate'!I60+'Hunter Run RV Estates'!I101+'Hunters Run RV Estates (hu116)'!I214+'Jade Isle (ja068)'!I43+'Jade Isle MHC'!I45+'Kakusha Estates (ka045)'!I49+'Kakusha MHC'!I48+'Lakeside Village'!I54+'Lakeside Village (la482)'!I56+'Lakewood Village (la481)'!I115+'Lakewood Village MHC LLC'!I135+'Maple Corner'!I68+'Maple Corner (ma490)'!I58+'Marlboro Court (ma489)'!I46+'Marlboro Court MHC LLC'!I46+'May Manor'!I150+'May Manor (ma488)'!I82+'Mobiland by the Sea (mo320)'!I51+'Mobiland By The Sea MHC'!I52+'Moss Landing'!I79+'Moss Landing (mo321)'!I71+'Oak Springs'!I83+'Oak Springs MHC (oa150)'!I59+'Orange Manor East'!I48+'Orange Manor East (or125)'!I51+'Pacific Manor'!I57+'Pacific Manor (pa602)'!I59+Parkhaven!I114+Ridgecrest!I64+Riverest!I58+'Riverview MHRV LLC'!I61+Rosehaven!I126+'Sanctuary RV Resort'!I238+'Shadow Mountain MHC'!I45+Springhaven!I45+'Star Valley Ranch'!I56+Sunhaven!I52+'Sunny Grove'!I51+Tarponaire!I55+'Val Vista RV Resort'!I84+'Webster RV Resort LLC'!I71+'Wekiva Falls RV Resort'!I95+'West Jupiter RV Resort'!I52+'Western Way RV Resort LLC'!I144 | J24: ='Agave Village (ag011)'!J77+'Agave Village LLC'!J66+'Brookhaven Estates (bo260)'!J59+'Brookhaven RV Resort'!J55+'Courtly Manor'!J48+'Courtly Manor Park (co669)'!J49+'Cross Creek RV'!J144+'Cross Creek RV Resort (cr994)'!J150+'El Rio De Oro (el289)'!J46+'El Rio del Oro'!J49+'Endless Summer RV Resort'!J67+'Endless Summer RV Resort (en079'!J59+Evergreen!J46+'Far Horizons'!J46+'Far Horizons (fa105)'!J46+'Floridian Sandalwood (fl356)'!J43+'Floridian Sandalwood MHC'!J47+Glenhaven!J51+'Glenhaven Estates (gl317)'!J51+'Harbor Lights (ha310)'!J52+'Harbor Lights MHC'!J50+'Harvest Gate'!J60+'Hunter Run RV Estates'!J101+'Hunters Run RV Estates (hu116)'!J214+'Jade Isle (ja068)'!J43+'Jade Isle MHC'!J45+'Kakusha Estates (ka045)'!J49+'Kakusha MHC'!J48+'Lakeside Village'!J54+'Lakeside Village (la482)'!J56+'Lakewood Village (la481)'!J115+'Lakewood Village MHC LLC'!J135+'Maple Corner'!J68+'Maple Corner (ma490)'!J58+'Marlboro Court (ma489)'!J46+'Marlboro Court MHC LLC'!J46+'May Manor'!J150+'May Manor (ma488)'!J82+'Mobiland by the Sea (mo320)'!J51+'Mobiland By The Sea MHC'!J52+'Moss Landing'!J79+'Moss Landing (mo321)'!J71+'Oak Springs'!J83+'Oak Springs MHC (oa150)'!J59+'Orange Manor East'!J48+'Orange Manor East (or125)'!J51+'Pacific Manor'!J57+'Pacific Manor (pa602)'!J59+Parkhaven!J114+Ridgecrest!J64+Riverest!J58+'Riverview MHRV LLC'!J61+Rosehaven!J126+'Sanctuary RV Resort'!J238+'Shadow Mountain MHC'!J45+Springhaven!J45+'Star Valley Ranch'!J56+Sunhaven!J52+'Sunny Grove'!J51+Tarponaire!J55+'Val Vista RV Resort'!J84+'Webster RV Resort LLC'!J71+'Wekiva Falls RV Resort'!J95+'West Jupiter RV Resort'!J52+'Western Way RV Resort LLC'!J144 | K24: ='Agave Village (ag011)'!K77+'Agave Village LLC'!K66+'Brookhaven Estates (bo260)'!K59+'Brookhaven RV Resort'!K55+'Courtly Manor'!K48+'Courtly Manor Park (co669)'!K49+'Cross Creek RV'!K144+'Cross Creek RV Resort (cr994)'!K150+'El Rio De Oro (el289)'!K46+'El Rio del Oro'!K49+'Endless Summer RV Resort'!K67+'Endless Summer RV Resort (en079'!K59+Evergreen!K46+'Far Horizons'!K46+'Far Horizons (fa105)'!K46+'Floridian Sandalwood (fl356)'!K43+'Floridian Sandalwood MHC'!K47+Glenhaven!K51+'Glenhaven Estates (gl317)'!K51+'Harbor Lights (ha310)'!K52+'Harbor Lights MHC'!K50+'Harvest Gate'!K60+'Hunter Run RV Estates'!K101+'Hunters Run RV Estates (hu116)'!K214+'Jade Isle (ja068)'!K43+'Jade Isle MHC'!K45+'Kakusha Estates (ka045)'!K49+'Kakusha MHC'!K48+'Lakeside Village'!K54+'Lakeside Village (la482)'!K56+'Lakewood Village (la481)'!K115+'Lakewood Village MHC LLC'!K135+'Maple Corner'!K68+'Maple Corner (ma490)'!K58+'Marlboro Court (ma489)'!K46+'Marlboro Court MHC LLC'!K46+'May Manor'!K150+'May Manor (ma488)'!K82+'Mobiland by the Sea (mo320)'!K51+'Mobiland By The Sea MHC'!K52+'Moss Landing'!K79+'Moss Landing (mo321)'!K71+'Oak Springs'!K83+'Oak Springs MHC (oa150)'!K59+'Orange Manor East'!K48+'Orange Manor East (or125)'!K51+'Pacific Manor'!K57+'Pacific Manor (pa602)'!K59+Parkhaven!K114+Ridgecrest!K64+Riverest!K58+'Riverview MHRV LLC'!K61+Rosehaven!K126+'Sanctuary RV Resort'!K238+'Shadow Mountain MHC'!K45+Springhaven!K45+'Star Valley Ranch'!K56+Sunhaven!K52+'Sunny Grove'!K51+Tarponaire!K55+'Val Vista RV Resort'!K84+'Webster RV Resort LLC'!K71+'Wekiva Falls RV Resort'!K95+'West Jupiter RV Resort'!K52+'Western Way RV Resort LLC'!K144 | L24: ='Agave Village (ag011)'!L77+'Agave Village LLC'!L66+'Brookhaven Estates (bo260)'!L59+'Brookhaven RV Resort'!L55+'Courtly Manor'!L48+'Courtly Manor Park (co669)'!L49+'Cross Creek RV'!L144+'Cross Creek RV Resort (cr994)'!L150+'El Rio De Oro (el289)'!L46+'El Rio del Oro'!L49+'Endless Summer RV Resort'!L67+'Endless Summer RV Resort (en079'!L59+Evergreen!L46+'Far Horizons'!L46+'Far Horizons (fa105)'!L46+'Floridian Sandalwood (fl356)'!L43+'Floridian Sandalwood MHC'!L47+Glenhaven!L51+'Glenhaven Estates (gl317)'!L51+'Harbor Lights (ha310)'!L52+'Harbor Lights MHC'!L50+'Harvest Gate'!L60+'Hunter Run RV Estates'!L101+'Hunters Run RV Estates (hu116)'!L214+'Jade Isle (ja068)'!L43+'Jade Isle MHC'!L45+'Kakusha Estates (ka045)'!L49+'Kakusha MHC'!L48+'Lakeside Village'!L54+'Lakeside Village (la482)'!L56+'Lakewood Village (la481)'!L115+'Lakewood Village MHC LLC'!L135+'Maple Corner'!L68+'Maple Corner (ma490)'!L58+'Marlboro Court (ma489)'!L46+'Marlboro Court MHC LLC'!L46+'May Manor'!L150+'May Manor (ma488)'!L82+'Mobiland by the Sea (mo320)'!L51+'Mobiland By The Sea MHC'!L52+'Moss Landing'!L79+'Moss Landing (mo321)'!L71+'Oak Springs'!L83+'Oak Springs MHC (oa150)'!L59+'Orange Manor East'!L48+'Orange Manor East (or125)'!L51+'Pacific Manor'!L57+'Pacific Manor (pa602)'!L59+Parkhaven!L114+Ridgecrest!L64+Riverest!L58+'Riverview MHRV LLC'!L61+Rosehaven!L126+'Sanctuary RV Resort'!L238+'Shadow Mountain MHC'!L45+Springhaven!L45+'Star Valley Ranch'!L56+Sunhaven!L52+'Sunny Grove'!L51+Tarponaire!L55+'Val Vista RV Resort'!L84+'Webster RV Resort LLC'!L71+'Wekiva Falls RV Resort'!L95+'West Jupiter RV Resort'!L52+'Western Way RV Resort LLC'!L144 | ... AJ24: ='Agave Village (ag011)'!AJ77+'Agave Village LLC'!AJ66+'Brookhaven Estates (bo260)'!AJ59+'Brookhaven RV Resort'!AJ55+'Courtly Manor'!AJ48+'Courtly Manor Park (co669)'!AJ49+'Cross Creek RV'!AJ144+'Cross Creek RV Resort (cr994)'!AJ150+'El Rio De Oro (el289)'!AJ46+'El Rio del Oro'!AJ49+'Endless Summer RV Resort'!AJ67+'Endless Summer RV Resort (en079'!AJ59+Evergreen!AJ46+'Far Horizons'!AJ46+'Far Horizons (fa105)'!AJ46+'Floridian Sandalwood (fl356)'!AJ43+'Floridian Sandalwood MHC'!AJ47+Glenhaven!AJ51+'Glenhaven Estates (gl317)'!AJ51+'Harbor Lights (ha310)'!AJ52+'Harbor Lights MHC'!AJ50+'Harvest Gate'!AJ60+'Hunter Run RV Estates'!AJ101+'Hunters Run RV Estates (hu116)'!AJ214+'Jade Isle (ja068)'!AJ43+'Jade Isle MHC'!AJ45+'Kakusha Estates (ka045)'!AJ49+'Kakusha MHC'!AJ48+'Lakeside Village'!AJ54+'Lakeside Village (la482)'!AJ56+'Lakewood Village (la481)'!AJ115+'Lakewood Village MHC LLC'!AJ135+'Maple Corner'!AJ68+'Maple Corner (ma490)'!AJ58+'Marlboro Court (ma489)'!AJ46+'Marlboro Court MHC LLC'!AJ46+'May Manor'!AJ150+'May Manor (ma488)'!AJ82+'Mobiland by the Sea (mo320)'!AJ51+'Mobiland By The Sea MHC'!AJ52+'Moss Landing'!AJ79+'Moss Landing (mo321)'!AJ71+'Oak Springs'!AJ83+'Oak Springs MHC (oa150)'!AJ59+'Orange Manor East'!AJ48+'Orange Manor East (or125)'!AJ51+'Pacific Manor'!AJ57+'Pacific Manor (pa602)'!AJ59+Parkhaven!AJ114+Ridgecrest!AJ64+Riverest!AJ58+'Riverview MHRV LLC'!AJ61+Rosehaven!AJ126+'Sanctuary RV Resort'!AJ238+'Shadow Mountain MHC'!AJ45+Springhaven!AJ45+'Star Valley Ranch'!AJ56+Sunhaven!AJ52+'Sunny Grove'!AJ51+Tarponaire!AJ55+'Val Vista RV Resort'!AJ84+'Webster RV Resort LLC'!AJ71+'Wekiva Falls RV Resort'!AJ95+'West Jupiter RV Resort'!AJ52+'Western Way RV Resort LLC'!AJ144
B25: Water | E25: ='Agave Village (ag011)'!E78+'Agave Village LLC'!E67+'Brookhaven Estates (bo260)'!E60+'Brookhaven RV Resort'!E56+'Courtly Manor'!E49+'Courtly Manor Park (co669)'!E50+'Cross Creek RV'!E145+'Cross Creek RV Resort (cr994)'!E151+'El Rio De Oro (el289)'!E47+'El Rio del Oro'!E50+'Endless Summer RV Resort'!E68+'Endless Summer RV Resort (en079'!E60+Evergreen!E47+'Far Horizons'!E47+'Far Horizons (fa105)'!E47+'Floridian Sandalwood (fl356)'!E44+'Floridian Sandalwood MHC'!E48+Glenhaven!E52+'Glenhaven Estates (gl317)'!E52+'Harbor Lights (ha310)'!E53+'Harbor Lights MHC'!E51+'Harvest Gate'!E61+'Hunter Run RV Estates'!E102+'Hunters Run RV Estates (hu116)'!E215+'Jade Isle (ja068)'!E44+'Jade Isle MHC'!E46+'Kakusha Estates (ka045)'!E50+'Kakusha MHC'!E49+'Lakeside Village'!E55+'Lakeside Village (la482)'!E57+'Lakewood Village (la481)'!E116+'Lakewood Village MHC LLC'!E136+'Maple Corner'!E69+'Maple Corner (ma490)'!E59+'Marlboro Court (ma489)'!E47+'Marlboro Court MHC LLC'!E47+'May Manor'!E151+'May Manor (ma488)'!E83+'Mobiland by the Sea (mo320)'!E52+'Mobiland By The Sea MHC'!E53+'Moss Landing'!E80+'Moss Landing (mo321)'!E72+'Oak Springs'!E84+'Oak Springs MHC (oa150)'!E60+'Orange Manor East'!E49+'Orange Manor East (or125)'!E52+'Pacific Manor'!E58+'Pacific Manor (pa602)'!E60+Parkhaven!E115+Ridgecrest!E65+Riverest!E59+'Riverview MHRV LLC'!E62+Rosehaven!E127+'Sanctuary RV Resort'!E239+'Shadow Mountain MHC'!E46+Springhaven!E46+'Star Valley Ranch'!E57+Sunhaven!E53+'Sunny Grove'!E52+Tarponaire!E56+'Val Vista RV Resort'!E85+'Webster RV Resort LLC'!E72+'Wekiva Falls RV Resort'!E96+'West Jupiter RV Resort'!E53+'Western Way RV Resort LLC'!E145 | F25: ='Agave Village (ag011)'!F78+'Agave Village LLC'!F67+'Brookhaven Estates (bo260)'!F60+'Brookhaven RV Resort'!F56+'Courtly Manor'!F49+'Courtly Manor Park (co669)'!F50+'Cross Creek RV'!F145+'Cross Creek RV Resort (cr994)'!F151+'El Rio De Oro (el289)'!F47+'El Rio del Oro'!F50+'Endless Summer RV Resort'!F68+'Endless Summer RV Resort (en079'!F60+Evergreen!F47+'Far Horizons'!F47+'Far Horizons (fa105)'!F47+'Floridian Sandalwood (fl356)'!F44+'Floridian Sandalwood MHC'!F48+Glenhaven!F52+'Glenhaven Estates (gl317)'!F52+'Harbor Lights (ha310)'!F53+'Harbor Lights MHC'!F51+'Harvest Gate'!F61+'Hunter Run RV Estates'!F102+'Hunters Run RV Estates (hu116)'!F215+'Jade Isle (ja068)'!F44+'Jade Isle MHC'!F46+'Kakusha Estates (ka045)'!F50+'Kakusha MHC'!F49+'Lakeside Village'!F55+'Lakeside Village (la482)'!F57+'Lakewood Village (la481)'!F116+'Lakewood Village MHC LLC'!F136+'Maple Corner'!F69+'Maple Corner (ma490)'!F59+'Marlboro Court (ma489)'!F47+'Marlboro Court MHC LLC'!F47+'May Manor'!F151+'May Manor (ma488)'!F83+'Mobiland by the Sea (mo320)'!F52+'Mobiland By The Sea MHC'!F53+'Moss Landing'!F80+'Moss Landing (mo321)'!F72+'Oak Springs'!F84+'Oak Springs MHC (oa150)'!F60+'Orange Manor East'!F49+'Orange Manor East (or125)'!F52+'Pacific Manor'!F58+'Pacific Manor (pa602)'!F60+Parkhaven!F115+Ridgecrest!F65+Riverest!F59+'Riverview MHRV LLC'!F62+Rosehaven!F127+'Sanctuary RV Resort'!F239+'Shadow Mountain MHC'!F46+Springhaven!F46+'Star Valley Ranch'!F57+Sunhaven!F53+'Sunny Grove'!F52+Tarponaire!F56+'Val Vista RV Resort'!F85+'Webster RV Resort LLC'!F72+'Wekiva Falls RV Resort'!F96+'West Jupiter RV Resort'!F53+'Western Way RV Resort LLC'!F145 | G25: ='Agave Village (ag011)'!G78+'Agave Village LLC'!G67+'Brookhaven Estates (bo260)'!G60+'Brookhaven RV Resort'!G56+'Courtly Manor'!G49+'Courtly Manor Park (co669)'!G50+'Cross Creek RV'!G145+'Cross Creek RV Resort (cr994)'!G151+'El Rio De Oro (el289)'!G47+'El Rio del Oro'!G50+'Endless Summer RV Resort'!G68+'Endless Summer RV Resort (en079'!G60+Evergreen!G47+'Far Horizons'!G47+'Far Horizons (fa105)'!G47+'Floridian Sandalwood (fl356)'!G44+'Floridian Sandalwood MHC'!G48+Glenhaven!G52+'Glenhaven Estates (gl317)'!G52+'Harbor Lights (ha310)'!G53+'Harbor Lights MHC'!G51+'Harvest Gate'!G61+'Hunter Run RV Estates'!G102+'Hunters Run RV Estates (hu116)'!G215+'Jade Isle (ja068)'!G44+'Jade Isle MHC'!G46+'Kakusha Estates (ka045)'!G50+'Kakusha MHC'!G49+'Lakeside Village'!G55+'Lakeside Village (la482)'!G57+'Lakewood Village (la481)'!G116+'Lakewood Village MHC LLC'!G136+'Maple Corner'!G69+'Maple Corner (ma490)'!G59+'Marlboro Court (ma489)'!G47+'Marlboro Court MHC LLC'!G47+'May Manor'!G151+'May Manor (ma488)'!G83+'Mobiland by the Sea (mo320)'!G52+'Mobiland By The Sea MHC'!G53+'Moss Landing'!G80+'Moss Landing (mo321)'!G72+'Oak Springs'!G84+'Oak Springs MHC (oa150)'!G60+'Orange Manor East'!G49+'Orange Manor East (or125)'!G52+'Pacific Manor'!G58+'Pacific Manor (pa602)'!G60+Parkhaven!G115+Ridgecrest!G65+Riverest!G59+'Riverview MHRV LLC'!G62+Rosehaven!G127+'Sanctuary RV Resort'!G239+'Shadow Mountain MHC'!G46+Springhaven!G46+'Star Valley Ranch'!G57+Sunhaven!G53+'Sunny Grove'!G52+Tarponaire!G56+'Val Vista RV Resort'!G85+'Webster RV Resort LLC'!G72+'Wekiva Falls RV Resort'!G96+'West Jupiter RV Resort'!G53+'Western Way RV Resort LLC'!G145 | H25: ='Agave Village (ag011)'!H78+'Agave Village LLC'!H67+'Brookhaven Estates (bo260)'!H60+'Brookhaven RV Resort'!H56+'Courtly Manor'!H49+'Courtly Manor Park (co669)'!H50+'Cross Creek RV'!H145+'Cross Creek RV Resort (cr994)'!H151+'El Rio De Oro (el289)'!H47+'El Rio del Oro'!H50+'Endless Summer RV Resort'!H68+'Endless Summer RV Resort (en079'!H60+Evergreen!H47+'Far Horizons'!H47+'Far Horizons (fa105)'!H47+'Floridian Sandalwood (fl356)'!H44+'Floridian Sandalwood MHC'!H48+Glenhaven!H52+'Glenhaven Estates (gl317)'!H52+'Harbor Lights (ha310)'!H53+'Harbor Lights MHC'!H51+'Harvest Gate'!H61+'Hunter Run RV Estates'!H102+'Hunters Run RV Estates (hu116)'!H215+'Jade Isle (ja068)'!H44+'Jade Isle MHC'!H46+'Kakusha Estates (ka045)'!H50+'Kakusha MHC'!H49+'Lakeside Village'!H55+'Lakeside Village (la482)'!H57+'Lakewood Village (la481)'!H116+'Lakewood Village MHC LLC'!H136+'Maple Corner'!H69+'Maple Corner (ma490)'!H59+'Marlboro Court (ma489)'!H47+'Marlboro Court MHC LLC'!H47+'May Manor'!H151+'May Manor (ma488)'!H83+'Mobiland by the Sea (mo320)'!H52+'Mobiland By The Sea MHC'!H53+'Moss Landing'!H80+'Moss Landing (mo321)'!H72+'Oak Springs'!H84+'Oak Springs MHC (oa150)'!H60+'Orange Manor East'!H49+'Orange Manor East (or125)'!H52+'Pacific Manor'!H58+'Pacific Manor (pa602)'!H60+Parkhaven!H115+Ridgecrest!H65+Riverest!H59+'Riverview MHRV LLC'!H62+Rosehaven!H127+'Sanctuary RV Resort'!H239+'Shadow Mountain MHC'!H46+Springhaven!H46+'Star Valley Ranch'!H57+Sunhaven!H53+'Sunny Grove'!H52+Tarponaire!H56+'Val Vista RV Resort'!H85+'Webster RV Resort LLC'!H72+'Wekiva Falls RV Resort'!H96+'West Jupiter RV Resort'!H53+'Western Way RV Resort LLC'!H145 | I25: ='Agave Village (ag011)'!I78+'Agave Village LLC'!I67+'Brookhaven Estates (bo260)'!I60+'Brookhaven RV Resort'!I56+'Courtly Manor'!I49+'Courtly Manor Park (co669)'!I50+'Cross Creek RV'!I145+'Cross Creek RV Resort (cr994)'!I151+'El Rio De Oro (el289)'!I47+'El Rio del Oro'!I50+'Endless Summer RV Resort'!I68+'Endless Summer RV Resort (en079'!I60+Evergreen!I47+'Far Horizons'!I47+'Far Horizons (fa105)'!I47+'Floridian Sandalwood (fl356)'!I44+'Floridian Sandalwood MHC'!I48+Glenhaven!I52+'Glenhaven Estates (gl317)'!I52+'Harbor Lights (ha310)'!I53+'Harbor Lights MHC'!I51+'Harvest Gate'!I61+'Hunter Run RV Estates'!I102+'Hunters Run RV Estates (hu116)'!I215+'Jade Isle (ja068)'!I44+'Jade Isle MHC'!I46+'Kakusha Estates (ka045)'!I50+'Kakusha MHC'!I49+'Lakeside Village'!I55+'Lakeside Village (la482)'!I57+'Lakewood Village (la481)'!I116+'Lakewood Village MHC LLC'!I136+'Maple Corner'!I69+'Maple Corner (ma490)'!I59+'Marlboro Court (ma489)'!I47+'Marlboro Court MHC LLC'!I47+'May Manor'!I151+'May Manor (ma488)'!I83+'Mobiland by the Sea (mo320)'!I52+'Mobiland By The Sea MHC'!I53+'Moss Landing'!I80+'Moss Landing (mo321)'!I72+'Oak Springs'!I84+'Oak Springs MHC (oa150)'!I60+'Orange Manor East'!I49+'Orange Manor East (or125)'!I52+'Pacific Manor'!I58+'Pacific Manor (pa602)'!I60+Parkhaven!I115+Ridgecrest!I65+Riverest!I59+'Riverview MHRV LLC'!I62+Rosehaven!I127+'Sanctuary RV Resort'!I239+'Shadow Mountain MHC'!I46+Springhaven!I46+'Star Valley Ranch'!I57+Sunhaven!I53+'Sunny Grove'!I52+Tarponaire!I56+'Val Vista RV Resort'!I85+'Webster RV Resort LLC'!I72+'Wekiva Falls RV Resort'!I96+'West Jupiter RV Resort'!I53+'Western Way RV Resort LLC'!I145 | J25: ='Agave Village (ag011)'!J78+'Agave Village LLC'!J67+'Brookhaven Estates (bo260)'!J60+'Brookhaven RV Resort'!J56+'Courtly Manor'!J49+'Courtly Manor Park (co669)'!J50+'Cross Creek RV'!J145+'Cross Creek RV Resort (cr994)'!J151+'El Rio De Oro (el289)'!J47+'El Rio del Oro'!J50+'Endless Summer RV Resort'!J68+'Endless Summer RV Resort (en079'!J60+Evergreen!J47+'Far Horizons'!J47+'Far Horizons (fa105)'!J47+'Floridian Sandalwood (fl356)'!J44+'Floridian Sandalwood MHC'!J48+Glenhaven!J52+'Glenhaven Estates (gl317)'!J52+'Harbor Lights (ha310)'!J53+'Harbor Lights MHC'!J51+'Harvest Gate'!J61+'Hunter Run RV Estates'!J102+'Hunters Run RV Estates (hu116)'!J215+'Jade Isle (ja068)'!J44+'Jade Isle MHC'!J46+'Kakusha Estates (ka045)'!J50+'Kakusha MHC'!J49+'Lakeside Village'!J55+'Lakeside Village (la482)'!J57+'Lakewood Village (la481)'!J116+'Lakewood Village MHC LLC'!J136+'Maple Corner'!J69+'Maple Corner (ma490)'!J59+'Marlboro Court (ma489)'!J47+'Marlboro Court MHC LLC'!J47+'May Manor'!J151+'May Manor (ma488)'!J83+'Mobiland by the Sea (mo320)'!J52+'Mobiland By The Sea MHC'!J53+'Moss Landing'!J80+'Moss Landing (mo321)'!J72+'Oak Springs'!J84+'Oak Springs MHC (oa150)'!J60+'Orange Manor East'!J49+'Orange Manor East (or125)'!J52+'Pacific Manor'!J58+'Pacific Manor (pa602)'!J60+Parkhaven!J115+Ridgecrest!J65+Riverest!J59+'Riverview MHRV LLC'!J62+Rosehaven!J127+'Sanctuary RV Resort'!J239+'Shadow Mountain MHC'!J46+Springhaven!J46+'Star Valley Ranch'!J57+Sunhaven!J53+'Sunny Grove'!J52+Tarponaire!J56+'Val Vista RV Resort'!J85+'Webster RV Resort LLC'!J72+'Wekiva Falls RV Resort'!J96+'West Jupiter RV Resort'!J53+'Western Way RV Resort LLC'!J145 | K25: ='Agave Village (ag011)'!K78+'Agave Village LLC'!K67+'Brookhaven Estates (bo260)'!K60+'Brookhaven RV Resort'!K56+'Courtly Manor'!K49+'Courtly Manor Park (co669)'!K50+'Cross Creek RV'!K145+'Cross Creek RV Resort (cr994)'!K151+'El Rio De Oro (el289)'!K47+'El Rio del Oro'!K50+'Endless Summer RV Resort'!K68+'Endless Summer RV Resort (en079'!K60+Evergreen!K47+'Far Horizons'!K47+'Far Horizons (fa105)'!K47+'Floridian Sandalwood (fl356)'!K44+'Floridian Sandalwood MHC'!K48+Glenhaven!K52+'Glenhaven Estates (gl317)'!K52+'Harbor Lights (ha310)'!K53+'Harbor Lights MHC'!K51+'Harvest Gate'!K61+'Hunter Run RV Estates'!K102+'Hunters Run RV Estates (hu116)'!K215+'Jade Isle (ja068)'!K44+'Jade Isle MHC'!K46+'Kakusha Estates (ka045)'!K50+'Kakusha MHC'!K49+'Lakeside Village'!K55+'Lakeside Village (la482)'!K57+'Lakewood Village (la481)'!K116+'Lakewood Village MHC LLC'!K136+'Maple Corner'!K69+'Maple Corner (ma490)'!K59+'Marlboro Court (ma489)'!K47+'Marlboro Court MHC LLC'!K47+'May Manor'!K151+'May Manor (ma488)'!K83+'Mobiland by the Sea (mo320)'!K52+'Mobiland By The Sea MHC'!K53+'Moss Landing'!K80+'Moss Landing (mo321)'!K72+'Oak Springs'!K84+'Oak Springs MHC (oa150)'!K60+'Orange Manor East'!K49+'Orange Manor East (or125)'!K52+'Pacific Manor'!K58+'Pacific Manor (pa602)'!K60+Parkhaven!K115+Ridgecrest!K65+Riverest!K59+'Riverview MHRV LLC'!K62+Rosehaven!K127+'Sanctuary RV Resort'!K239+'Shadow Mountain MHC'!K46+Springhaven!K46+'Star Valley Ranch'!K57+Sunhaven!K53+'Sunny Grove'!K52+Tarponaire!K56+'Val Vista RV Resort'!K85+'Webster RV Resort LLC'!K72+'Wekiva Falls RV Resort'!K96+'West Jupiter RV Resort'!K53+'Western Way RV Resort LLC'!K145 | L25: ='Agave Village (ag011)'!L78+'Agave Village LLC'!L67+'Brookhaven Estates (bo260)'!L60+'Brookhaven RV Resort'!L56+'Courtly Manor'!L49+'Courtly Manor Park (co669)'!L50+'Cross Creek RV'!L145+'Cross Creek RV Resort (cr994)'!L151+'El Rio De Oro (el289)'!L47+'El Rio del Oro'!L50+'Endless Summer RV Resort'!L68+'Endless Summer RV Resort (en079'!L60+Evergreen!L47+'Far Horizons'!L47+'Far Horizons (fa105)'!L47+'Floridian Sandalwood (fl356)'!L44+'Floridian Sandalwood MHC'!L48+Glenhaven!L52+'Glenhaven Estates (gl317)'!L52+'Harbor Lights (ha310)'!L53+'Harbor Lights MHC'!L51+'Harvest Gate'!L61+'Hunter Run RV Estates'!L102+'Hunters Run RV Estates (hu116)'!L215+'Jade Isle (ja068)'!L44+'Jade Isle MHC'!L46+'Kakusha Estates (ka045)'!L50+'Kakusha MHC'!L49+'Lakeside Village'!L55+'Lakeside Village (la482)'!L57+'Lakewood Village (la481)'!L116+'Lakewood Village MHC LLC'!L136+'Maple Corner'!L69+'Maple Corner (ma490)'!L59+'Marlboro Court (ma489)'!L47+'Marlboro Court MHC LLC'!L47+'May Manor'!L151+'May Manor (ma488)'!L83+'Mobiland by the Sea (mo320)'!L52+'Mobiland By The Sea MHC'!L53+'Moss Landing'!L80+'Moss Landing (mo321)'!L72+'Oak Springs'!L84+'Oak Springs MHC (oa150)'!L60+'Orange Manor East'!L49+'Orange Manor East (or125)'!L52+'Pacific Manor'!L58+'Pacific Manor (pa602)'!L60+Parkhaven!L115+Ridgecrest!L65+Riverest!L59+'Riverview MHRV LLC'!L62+Rosehaven!L127+'Sanctuary RV Resort'!L239+'Shadow Mountain MHC'!L46+Springhaven!L46+'Star Valley Ranch'!L57+Sunhaven!L53+'Sunny Grove'!L52+Tarponaire!L56+'Val Vista RV Resort'!L85+'Webster RV Resort LLC'!L72+'Wekiva Falls RV Resort'!L96+'West Jupiter RV Resort'!L53+'Western Way RV Resort LLC'!L145 | ... AJ25: ='Agave Village (ag011)'!AJ78+'Agave Village LLC'!AJ67+'Brookhaven Estates (bo260)'!AJ60+'Brookhaven RV Resort'!AJ56+'Courtly Manor'!AJ49+'Courtly Manor Park (co669)'!AJ50+'Cross Creek RV'!AJ145+'Cross Creek RV Resort (cr994)'!AJ151+'El Rio De Oro (el289)'!AJ47+'El Rio del Oro'!AJ50+'Endless Summer RV Resort'!AJ68+'Endless Summer RV Resort (en079'!AJ60+Evergreen!AJ47+'Far Horizons'!AJ47+'Far Horizons (fa105)'!AJ47+'Floridian Sandalwood (fl356)'!AJ44+'Floridian Sandalwood MHC'!AJ48+Glenhaven!AJ52+'Glenhaven Estates (gl317)'!AJ52+'Harbor Lights (ha310)'!AJ53+'Harbor Lights MHC'!AJ51+'Harvest Gate'!AJ61+'Hunter Run RV Estates'!AJ102+'Hunters Run RV Estates (hu116)'!AJ215+'Jade Isle (ja068)'!AJ44+'Jade Isle MHC'!AJ46+'Kakusha Estates (ka045)'!AJ50+'Kakusha MHC'!AJ49+'Lakeside Village'!AJ55+'Lakeside Village (la482)'!AJ57+'Lakewood Village (la481)'!AJ116+'Lakewood Village MHC LLC'!AJ136+'Maple Corner'!AJ69+'Maple Corner (ma490)'!AJ59+'Marlboro Court (ma489)'!AJ47+'Marlboro Court MHC LLC'!AJ47+'May Manor'!AJ151+'May Manor (ma488)'!AJ83+'Mobiland by the Sea (mo320)'!AJ52+'Mobiland By The Sea MHC'!AJ53+'Moss Landing'!AJ80+'Moss Landing (mo321)'!AJ72+'Oak Springs'!AJ84+'Oak Springs MHC (oa150)'!AJ60+'Orange Manor East'!AJ49+'Orange Manor East (or125)'!AJ52+'Pacific Manor'!AJ58+'Pacific Manor (pa602)'!AJ60+Parkhaven!AJ115+Ridgecrest!AJ65+Riverest!AJ59+'Riverview MHRV LLC'!AJ62+Rosehaven!AJ127+'Sanctuary RV Resort'!AJ239+'Shadow Mountain MHC'!AJ46+Springhaven!AJ46+'Star Valley Ranch'!AJ57+Sunhaven!AJ53+'Sunny Grove'!AJ52+Tarponaire!AJ56+'Val Vista RV Resort'!AJ85+'Webster RV Resort LLC'!AJ72+'Wekiva Falls RV Resort'!AJ96+'West Jupiter RV Resort'!AJ53+'Western Way RV Resort LLC'!AJ145
